[
{
  "FILE NAME": "Khichdi 2: Mission Paanthukistan 2023 4K SDR - Free Download By @PandaWep in Telegram",
  "URL": "https://hblinks.pro/archives/71398",
  "EXTENSION": ".mkv"
},
{
  "FILE NAME": "Khichdi 2: Mission Paanthukistan 2023 1080p - Free Download By @PandaWep in Telegram",
  "URL": "https://hblinks.pro/archives/71399",
  "EXTENSION": ".mkv"
},
{
  "FILE NAME": "Khichdi 2: Mission Paanthukistan 2023 720p - Free Download By @PandaWep in Telegram",
  "URL": "https://hblinks.pro/archives/71400",
  "EXTENSION": ".mkv"
},
{
  "FILE NAME": "Khichdi 2: Mission Paanthukistan 2023 480p - Free Download By @PandaWep in Telegram",
  "URL": "https://hblinks.pro/archives/71401",
  "EXTENSION": ".mkv"
},
{
  "FILE NAME": "Guntur Kaaram 2024 1080p - Free Download By @PandaWep in Telegram",
  "URL": "https://hblinks.pro/archives/71407",
  "EXTENSION": ".mkv"
},
{
  "FILE NAME": "Guntur Kaaram 2024 720p - Free Download By @PandaWep in Telegram",
  "URL": "https://hblinks.pro/archives/71408",
  "EXTENSION": ".mkv"
},
{
  "FILE NAME": "Guntur Kaaram 2024 480p - Free Download By @PandaWep in Telegram",
  "URL": "https://hblinks.pro/archives/71409",
  "EXTENSION": ".mkv"
},
{
  "FILE NAME": "Bhakshak 2024 1080p - Free Download By @PandaWep in Telegram",
  "URL": "https://hblinks.pro/archives/71413",
  "EXTENSION": ".mkv"
},
{
  "FILE NAME": "Bhakshak 2024 720p - Free Download By @PandaWep in Telegram",
  "URL": "https://hblinks.pro/archives/71414",
  "EXTENSION": ".mkv"
},
{
  "FILE NAME": "Bhakshak 2024 480p - Free Download By @PandaWep in Telegram",
  "URL": "https://hblinks.pro/archives/71415",
  "EXTENSION": ".mkv"
},
{
  "FILE NAME": "Khichdi 2: Mission Paanthukistan 2023 4K SDR - Free Download By @PandaWep in Telegram",
  "URL": "https://hblinks.pro/archives/71398",
  "EXTENSION": ".mkv"
},
{
  "FILE NAME": "Khichdi 2: Mission Paanthukistan 2023 1080p - Free Download By @PandaWep in Telegram",
  "URL": "https://hblinks.pro/archives/71399",
  "EXTENSION": ".mkv"
},
{
  "FILE NAME": "Khichdi 2: Mission Paanthukistan 2023 720p - Free Download By @PandaWep in Telegram",
  "URL": "https://hblinks.pro/archives/71400",
  "EXTENSION": ".mkv"
},
{
  "FILE NAME": "Khichdi 2: Mission Paanthukistan 2023 480p - Free Download By @PandaWep in Telegram",
  "URL": "https://hblinks.pro/archives/71401",
  "EXTENSION": ".mkv"
},
{
  "FILE NAME": "Khichdi 2: Mission Paanthukistan 2023 4K SDR",
  "URL": "https://hblinks.pro/archives/71398",
  "EXTENSION": ".mkv"
},
{
  "FILE NAME": "Khichdi 2: Mission Paanthukistan 2023 1080p",
  "URL": "https://hblinks.pro/archives/71399",
  "EXTENSION": ".mkv"
},
{
  "FILE NAME": "Khichdi 2: Mission Paanthukistan 2023 720p",
  "URL": "https://hblinks.pro/archives/71400",
  "EXTENSION": ".mkv"
},
{
  "FILE NAME": "Khichdi 2: Mission Paanthukistan 2023 480p",
  "URL": "https://hblinks.pro/archives/71401",
  "EXTENSION": ".mkv"
}]


