[
{
  "FILE NAME": "71 2014 720p 10Bit",
  "URL": "https://hblinks.pro/archives/77423",
  "EXTENSION": ".mkv"
},
{
  "FILE NAME": "Agent Recon 2024 1080p",
  "URL": "https://hblinks.pro/archives/77428",
  "EXTENSION": ".mkv"
},
{
  "FILE NAME": "Agent Recon 2024 1080p 10Bit",
  "URL": "https://hblinks.pro/archives/77429",
  "EXTENSION": ".mkv"
},
{
  "FILE NAME": "Agent Recon 2024 720p",
  "URL": "https://hblinks.pro/archives/77430",
  "EXTENSION": ".mkv"
},
{
  "FILE NAME": "Agent Recon 2024 720p 10Bit",
  "URL": "https://hblinks.pro/archives/77431",
  "EXTENSION": ".mkv"
},
{
  "FILE NAME": "Thalavan 2024 1080p",
  "URL": "https://hblinks.pro/archives/77436",
  "EXTENSION": ".mkv"
},
{
  "FILE NAME": "Thalavan 2024 1080p 10Bit",
  "URL": "https://hblinks.pro/archives/77437",
  "EXTENSION": ".mkv"
},
{
  "FILE NAME": "Thalavan 2024 720p",
  "URL": "https://hblinks.pro/archives/77438",
  "EXTENSION": ".mkv"
},
{
  "FILE NAME": "Thalavan 2024 720p 10Bit",
  "URL": "https://hblinks.pro/archives/77439",
  "EXTENSION": ".mkv"
},
{
  "FILE NAME": "Theri 2016 1080p",
  "URL": "https://hblinks.pro/archives/77444",
  "EXTENSION": ".mkv"
},
{
  "FILE NAME": "Theri 2016 1080p 10Bit",
  "URL": "https://hblinks.pro/archives/77445",
  "EXTENSION": ".mkv"
},
{
  "FILE NAME": "Theri 2016 720p",
  "URL": "https://hblinks.pro/archives/77446",
  "EXTENSION": ".mkv"
},
{
  "FILE NAME": "Theri 2016 720p 10bit",
  "URL": "https://hblinks.pro/archives/77447",
  "EXTENSION": ".mkv"
},
{
  "FILE NAME": "The Lord of the Rings: The Rings of Power S02-E05",
  "URL": "https://hblinks.pro/archives/77452",
  "EXTENSION": ".zip"
},
{
  "FILE NAME": "Berlin 2024 1080p Hindi",
  "URL": "https://hblinks.pro/archives/77454",
  "EXTENSION": ".mkv"
},
{
  "FILE NAME": "Berlin 2024 720p Hindi",
  "URL": "https://hblinks.pro/archives/77455",
  "EXTENSION": ".mkv"
},
{
  "FILE NAME": "Auron Mein Kahan Dum Tha 2024 1080p",
  "URL": "https://hblinks.pro/archives/77460",
  "EXTENSION": ".mkv"
},
{
  "FILE NAME": "Auron Mein Kahan Dum Tha 2024 1080p HEVC",
  "URL": "https://hblinks.pro/archives/77461",
  "EXTENSION": ".mkv"
},
{
  "FILE NAME": "Auron Mein Kahan Dum Tha 2024 720p",
  "URL": "https://hblinks.pro/archives/77462",
  "EXTENSION": ".mkv"
},
{
  "FILE NAME": "Auron Mein Kahan Dum Tha 2024 720p HEVC",
  "URL": "https://hblinks.pro/archives/77463",
  "EXTENSION": ".mkv"
},
{
  "FILE NAME": "Sector 36 2024 1080p",
  "URL": "https://hblinks.pro/archives/77468",
  "EXTENSION": ".mkv"
},
{
  "FILE NAME": "Sector 36 2024 720p",
  "URL": "https://hblinks.pro/archives/77469",
  "EXTENSION": ".mkv"
},
{
  "FILE NAME": "Officer Black Belt 2024 1080p",
  "URL": "https://hblinks.pro/archives/77472",
  "EXTENSION": ".mkv"
},
{
  "FILE NAME": "Officer Black Belt 2024 720p",
  "URL": "https://hblinks.pro/archives/77473",
  "EXTENSION": ".mkv"
},
{
  "FILE NAME": "Sector 36 2024 1080p HEVC",
  "URL": "https://hblinks.pro/archives/77478",
  "EXTENSION": ".mkv"
},
{
  "FILE NAME": "Sector 36 2024 720p HEVC",
  "URL": "https://hblinks.pro/archives/77479",
  "EXTENSION": ".mkv"
},
{
  "FILE NAME": "Officer Black Belt 2024 1080p 10Bit",
  "URL": "https://hblinks.pro/archives/77482",
  "EXTENSION": ".mkv"
},
{
  "FILE NAME": "Officer Black Belt 2024 720p 10Bit",
  "URL": "https://hblinks.pro/archives/77483",
  "EXTENSION": ".mkv"
},
{
  "FILE NAME": "Uglies 2024 1080p",
  "URL": "https://hblinks.pro/archives/77486",
  "EXTENSION": ".mkv"
},
{
  "FILE NAME": "Uglies 2024 1080p 10Bit",
  "URL": "https://hblinks.pro/archives/77487",
  "EXTENSION": ".mkv"
},
{
  "FILE NAME": "Uglies 2024 720p",
  "URL": "https://hblinks.pro/archives/77488",
  "EXTENSION": ".mkv"
},
{
  "FILE NAME": "Uglies 2024 720p 10Bit",
  "URL": "https://hblinks.pro/archives/77489",
  "EXTENSION": ".mkv"
},
{
  "FILE NAME": "Late Night with the Devil 2024 1080p",
  "URL": "https://hblinks.pro/archives/77494",
  "EXTENSION": ".mkv"
},
{
  "FILE NAME": "Late Night with the Devil 2024 1080p 10Bit",
  "URL": "https://hblinks.pro/archives/77495",
  "EXTENSION": ".mkv"
},
{
  "FILE NAME": "Late Night with the Devil 2024 720p",
  "URL": "https://hblinks.pro/archives/77496",
  "EXTENSION": ".mkv"
},
{
  "FILE NAME": "Late Night with the Devil 2024 720p 10Bit",
  "URL": "https://hblinks.pro/archives/77497",
  "EXTENSION": ".mkv"
},
{
  "FILE NAME": "Bhima 2024 1080p DS4K",
  "URL": "https://hblinks.pro/archives/77514",
  "EXTENSION": ".mkv"
},
{
  "FILE NAME": "Bhima 2024 1080p 10Bit DS4K",
  "URL": "https://hblinks.pro/archives/77515",
  "EXTENSION": ".mkv"
},
{
  "FILE NAME": "Bhima 2024 720p DS4K",
  "URL": "https://hblinks.pro/archives/77516",
  "EXTENSION": ".mkv"
},
{
  "FILE NAME": "Bhima 2024 720p 10Bit DS4K",
  "URL": "https://hblinks.pro/archives/77517",
  "EXTENSION": ".mkv"
},
{
  "FILE NAME": "A.R.M 2024 1080p HDTS",
  "URL": "https://hblinks.pro/archives/77522",
  "EXTENSION": ".mkv"
},
{
  "FILE NAME": "A.R.M 2024 720p HDTS",
  "URL": "https://hblinks.pro/archives/77523",
  "EXTENSION": ".mkv"
},
{
  "FILE NAME": "Thangalaan 2024 1080p",
  "URL": "https://hblinks.pro/archives/77526",
  "EXTENSION": ".mkv"
},
{
  "FILE NAME": "Thangalaan 2024 1080p HEVC",
  "URL": "https://hblinks.pro/archives/77527",
  "EXTENSION": ".mkv"
},
{
  "FILE NAME": "Thangalaan 2024 720p",
  "URL": "https://hblinks.pro/archives/77528",
  "EXTENSION": ".mkv"
},
{
  "FILE NAME": "Thangalaan 2024 720p HEVC",
  "URL": "https://hblinks.pro/archives/77529",
  "EXTENSION": ".mkv"
},
{
  "FILE NAME": "Adbhut 2024 1080p HDTV",
  "URL": "https://hblinks.pro/archives/77534",
  "EXTENSION": ".mkv"
},
{
  "FILE NAME": "Adbhut 2024 720p HDTV",
  "URL": "https://hblinks.pro/archives/77535",
  "EXTENSION": ".mkv"
},
{
  "FILE NAME": "Knights of the Zodiac 2023 Movie [English] WEB-HD 1080p",
  "URL": "https://hblinks.pro/archives/77539",
  "EXTENSION": ".mkv"
},
{
  "FILE NAME": "Knights of the Zodiac 2023 Movie [English] WEB-HD 720p",
  "URL": "https://hblinks.pro/archives/77540",
  "EXTENSION": ".mkv"
},
{
  "FILE NAME": "Knights of the Zodiac 2023 Movie [English] WEB-HD 480p",
  "URL": "https://hblinks.pro/archives/77541",
  "EXTENSION": ".mkv"
},
{
  "FILE NAME": "Adbhut 2024 720p HEVC HDTV",
  "URL": "https://hblinks.pro/archives/77548",
  "EXTENSION": ".mkv"
},
{
  "FILE NAME": "Murshid S01 1080p Pack",
  "URL": "https://hblinks.pro/archives/77550",
  "EXTENSION": ".zip"
},
{
  "FILE NAME": "Murshid S01 720p Pack",
  "URL": "https://hblinks.pro/archives/77551",
  "EXTENSION": ".zip"
},
{
  "FILE NAME": "Murshid S01 480p Pack",
  "URL": "https://hblinks.pro/archives/77552",
  "EXTENSION": ".zip"
},
{
  "FILE NAME": "FROM S01 1080p 10Bit Pack",
  "URL": "https://hblinks.pro/archives/77557",
  "EXTENSION": ".zip"
},
{
  "FILE NAME": "FROM S01 720p Pack",
  "URL": "https://hblinks.pro/archives/77558",
  "EXTENSION": ".zip"
},
{
  "FILE NAME": "FROM S01 720p 10Bit Pack",
  "URL": "https://hblinks.pro/archives/77559",
  "EXTENSION": ".zip"
},
{
  "FILE NAME": "FROM S01 480p Pack",
  "URL": "https://hblinks.pro/archives/77560",
  "EXTENSION": ".zip"
},
{
  "FILE NAME": "FROM S02 1080p 10Bit Pack",
  "URL": "https://hblinks.pro/archives/77567",
  "EXTENSION": ".zip"
},
{
  "FILE NAME": "FROM S02 720p Pack",
  "URL": "https://hblinks.pro/archives/77568",
  "EXTENSION": ".zip"
},
{
  "FILE NAME": "FROM S02 720p 10Bit Pack",
  "URL": "https://hblinks.pro/archives/77569",
  "EXTENSION": ".zip"
},
{
  "FILE NAME": "FROM S02 480p Pack",
  "URL": "https://hblinks.pro/archives/77570",
  "EXTENSION": ".zip"
},
{
  "FILE NAME": "The Lord of the Rings: The Rings of Power S02-E06",
  "URL": "https://hblinks.pro/archives/77575",
  "EXTENSION": ".zip"
},
{
  "FILE NAME": "Song of the Assassins 2022 1080p",
  "URL": "https://hblinks.pro/archives/77579",
  "EXTENSION": ".mkv"
},
{
  "FILE NAME": "Song of the Assassins 2022 1080p 10Bit",
  "URL": "https://hblinks.pro/archives/77580",
  "EXTENSION": ".mkv"
},
{
  "FILE NAME": "Song of the Assassins 2022 720p",
  "URL": "https://hblinks.pro/archives/77581",
  "EXTENSION": ".mkv"
},
{
  "FILE NAME": "Song of the Assassins 2022 720p 10Bit",
  "URL": "https://hblinks.pro/archives/77582",
  "EXTENSION": ".mkv"
},
{
  "FILE NAME": "Agatha All Along S01-E01",
  "URL": "https://hblinks.pro/archives/77587",
  "EXTENSION": ".zip"
},
{
  "FILE NAME": "Agatha All Along S01-E02",
  "URL": "https://hblinks.pro/archives/77588",
  "EXTENSION": ".zip"
},
{
  "FILE NAME": "Jatt & Juliet 3 2024 1080p",
  "URL": "https://hblinks.pro/archives/77591",
  "EXTENSION": ".mkv"
},
{
  "FILE NAME": "Jatt & Juliet 3 2024 720p",
  "URL": "https://hblinks.pro/archives/77592",
  "EXTENSION": ".mkv"
},
{
  "FILE NAME": "Jatt & Juliet 3 2024 720p HEVC",
  "URL": "https://hblinks.pro/archives/77593",
  "EXTENSION": ".mkv"
},
{
  "FILE NAME": "Jo Tera Hai Woh Mera Hai 2024 1080p",
  "URL": "https://hblinks.pro/archives/77597",
  "EXTENSION": ".mkv"
},
{
  "FILE NAME": "Jo Tera Hai Woh Mera Hai 2024 720p",
  "URL": "https://hblinks.pro/archives/77598",
  "EXTENSION": ".mkv"
},
{
  "FILE NAME": "Jo Tera Hai Woh Mera Hai 2024 720p HEVC",
  "URL": "https://hblinks.pro/archives/77599",
  "EXTENSION": ".mkv"
},
{
  "FILE NAME": "The Penguin S01-E01",
  "URL": "https://hblinks.pro/archives/77603",
  "EXTENSION": ".zip"
},
{
  "FILE NAME": "Jatt & Juliet 3 2024 1080p HEVC",
  "URL": "https://hblinks.pro/archives/77606",
  "EXTENSION": ".mkv"
},
{
  "FILE NAME": "Evil Dead Rise 2023 1080p",
  "URL": "https://hblinks.pro/archives/77608",
  "EXTENSION": ".mkv"
},
{
  "FILE NAME": "Evil Dead Rise 2023 1080p 10Bit",
  "URL": "https://hblinks.pro/archives/77609",
  "EXTENSION": ".mkv"
},
{
  "FILE NAME": "Evil Dead Rise 2023 720p",
  "URL": "https://hblinks.pro/archives/77610",
  "EXTENSION": ".mkv"
},
{
  "FILE NAME": "Evil Dead Rise 2023 720p 10Bit",
  "URL": "https://hblinks.pro/archives/77611",
  "EXTENSION": ".mkv"
},
{
  "FILE NAME": "His Three Daughters 2024 1080p",
  "URL": "https://hblinks.pro/archives/77617",
  "EXTENSION": ".mkv"
},
{
  "FILE NAME": "His Three Daughters 2024 1080p 10Bit",
  "URL": "https://hblinks.pro/archives/77618",
  "EXTENSION": ".mkv"
},
{
  "FILE NAME": "His Three Daughters 2024 720p",
  "URL": "https://hblinks.pro/archives/77619",
  "EXTENSION": ".mkv"
},
{
  "FILE NAME": "His Three Daughters 2024 720p 10Bit",
  "URL": "https://hblinks.pro/archives/77620",
  "EXTENSION": ".mkv"
},
{
  "FILE NAME": "Yudhra 2024 1080p HDTS",
  "URL": "https://hblinks.pro/archives/77625",
  "EXTENSION": ".mkv"
},
{
  "FILE NAME": "Yudhra 2024 720p HDTS",
  "URL": "https://hblinks.pro/archives/77626",
  "EXTENSION": ".mkv"
},
{
  "FILE NAME": "Ruslaan 2024 1080p",
  "URL": "https://hblinks.pro/archives/77629",
  "EXTENSION": ".mkv"
},
{
  "FILE NAME": "Ruslaan 2024 720p",
  "URL": "https://hblinks.pro/archives/77630",
  "EXTENSION": ".mkv"
},
{
  "FILE NAME": "Ruslaan 2024 720p HEVC",
  "URL": "https://hblinks.pro/archives/77631",
  "EXTENSION": ".mkv"
},
{
  "FILE NAME": "The Great Indian Kapil Show 2024 S02E01",
  "URL": "https://hblinks.pro/archives/77635",
  "EXTENSION": ".zip"
},
{
  "FILE NAME": "Vaazha 2024 1080p",
  "URL": "https://hblinks.pro/archives/77637",
  "EXTENSION": ".mkv"
},
{
  "FILE NAME": "Vaazha 2024 1080pHEVC",
  "URL": "https://hblinks.pro/archives/77638",
  "EXTENSION": ".mkv"
},
{
  "FILE NAME": "Vaazha 2024 720p",
  "URL": "https://hblinks.pro/archives/77639",
  "EXTENSION": ".mkv"
},
{
  "FILE NAME": "Mr. Bachchan 2024 1080p HQ.Dub",
  "URL": "https://hblinks.pro/archives/77643",
  "EXTENSION": ".mkv"
},
{
  "FILE NAME": "Mr. Bachchan 2024 1080p-HEVC HQ.Dub",
  "URL": "https://hblinks.pro/archives/77644",
  "EXTENSION": ".mkv"
},
{
  "FILE NAME": "Mr. Bachchan 2024 720p HQ.Dub",
  "URL": "https://hblinks.pro/archives/77645",
  "EXTENSION": ".mkv"
},
{
  "FILE NAME": "Selfie 2022 1080p",
  "URL": "https://hblinks.pro/archives/77653",
  "EXTENSION": ".mkv"
},
{
  "FILE NAME": "Selfie 2022 720p",
  "URL": "https://hblinks.pro/archives/77654",
  "EXTENSION": ".mkv"
},
{
  "FILE NAME": "Selfie 2022 720p HEVC",
  "URL": "https://hblinks.pro/archives/77655",
  "EXTENSION": ".mkv"
},
{
  "FILE NAME": "Transformers One 2024 1080p HDTS",
  "URL": "https://hblinks.pro/archives/77659",
  "EXTENSION": ".mkv"
},
{
  "FILE NAME": "Transformers One 2024 720p HDTS",
  "URL": "https://hblinks.pro/archives/77660",
  "EXTENSION": ".mkv"
},
{
  "FILE NAME": "Rathnam 2024 1080p",
  "URL": "https://hblinks.pro/archives/77666",
  "EXTENSION": ".mkv"
},
{
  "FILE NAME": "Rathnam 2024 720p",
  "URL": "https://hblinks.pro/archives/77667",
  "EXTENSION": ".mkv"
},
{
  "FILE NAME": "Rathnam 2024 720p-HEVC",
  "URL": "https://hblinks.pro/archives/77668",
  "EXTENSION": ".mkv"
},
{
  "FILE NAME": "Rathnam 2024 1080p HEVC",
  "URL": "https://hblinks.pro/archives/77672",
  "EXTENSION": ".mkv"
},
{
  "FILE NAME": "It Ends with Us 2024 1080p",
  "URL": "https://hblinks.pro/archives/77675",
  "EXTENSION": ".mkv"
},
{
  "FILE NAME": "It Ends with Us 2024 1080p 10Bit",
  "URL": "https://hblinks.pro/archives/77676",
  "EXTENSION": ".mkv"
},
{
  "FILE NAME": "It Ends with Us 2024 720p",
  "URL": "https://hblinks.pro/archives/77677",
  "EXTENSION": ".mkv"
},
{
  "FILE NAME": "It Ends with Us 2024 720p 10Bit",
  "URL": "https://hblinks.pro/archives/77678",
  "EXTENSION": ".mkv"
},
{
  "FILE NAME": "Inside Out 2 2024 1080p",
  "URL": "https://hblinks.pro/archives/77683",
  "EXTENSION": ".mkv"
},
{
  "FILE NAME": "Inside Out 2 2024 1080p-10Bit.HEVC",
  "URL": "https://hblinks.pro/archives/77684",
  "EXTENSION": ".mkv"
},
{
  "FILE NAME": "Inside Out 2 2024 720p",
  "URL": "https://hblinks.pro/archives/77685",
  "EXTENSION": ".mkv"
},
{
  "FILE NAME": "You Can’t Run Forever 2024 1080p",
  "URL": "https://hblinks.pro/archives/77689",
  "EXTENSION": ".mkv"
},
{
  "FILE NAME": "You Can’t Run Forever 2024 1080p 10Bit",
  "URL": "https://hblinks.pro/archives/77690",
  "EXTENSION": ".mkv"
},
{
  "FILE NAME": "You Can’t Run Forever 2024 720p",
  "URL": "https://hblinks.pro/archives/77691",
  "EXTENSION": ".mkv"
},
{
  "FILE NAME": "You Can’t Run Forever 2024 720p 10Bit",
  "URL": "https://hblinks.pro/archives/77692",
  "EXTENSION": ".mkv"
},
{
  "FILE NAME": "Stree-2 1080p.HEVC",
  "URL": "https://hblinks.pro/archives/77697",
  "EXTENSION": ".mkv"
},
{
  "FILE NAME": "Stree-2 720p.HEVC",
  "URL": "https://hblinks.pro/archives/77698",
  "EXTENSION": ".mkv"
},
{
  "FILE NAME": "Saripodhaa Sanivaaram 2024 720p",
  "URL": "https://hblinks.pro/archives/77702",
  "EXTENSION": ".mkv"
},
{
  "FILE NAME": "Saripodhaa Sanivaaram 2024 1080p",
  "URL": "https://hblinks.pro/archives/77705",
  "EXTENSION": ".mkv"
},
{
  "FILE NAME": "Saripodhaa Sanivaaram 2024 720p.HEVC",
  "URL": "https://hblinks.pro/archives/77707",
  "EXTENSION": ".mkv"
},
{
  "FILE NAME": "Stree 2 2024 720p",
  "URL": "https://hblinks.pro/archives/77709",
  "EXTENSION": ".mkv"
},
{
  "FILE NAME": "Stree 2 2024 720p-HEVC",
  "URL": "https://hblinks.pro/archives/77710",
  "EXTENSION": ".mkv"
},
{
  "FILE NAME": "Saripodhaa Sanivaaram 2024 1080p.HEVC",
  "URL": "https://hblinks.pro/archives/77713",
  "EXTENSION": ".mkv"
},
{
  "FILE NAME": "Stree 2 2024 1080p",
  "URL": "https://hblinks.pro/archives/77715",
  "EXTENSION": ".mkv"
},
{
  "FILE NAME": "Stree 2 2024 1080p.HEVC",
  "URL": "https://hblinks.pro/archives/77716",
  "EXTENSION": ".mkv"
},
{
  "FILE NAME": "Stree 2: Sarkate Ka Aatank 2024 1080p 10Bit",
  "URL": "https://hblinks.pro/archives/77719",
  "EXTENSION": ".mkv"
},
{
  "FILE NAME": "Stree 2: Sarkate Ka Aatank 2024 720p 10Bit",
  "URL": "https://hblinks.pro/archives/77722",
  "EXTENSION": ".mkv"
},
{
  "FILE NAME": "Saripodhaa Sanivaaram 2024 1080p 10Bit",
  "URL": "https://hblinks.pro/archives/77725",
  "EXTENSION": ".mkv"
},
{
  "FILE NAME": "Saripodhaa Sanivaaram 2024 720p 10Bit",
  "URL": "https://hblinks.pro/archives/77726",
  "EXTENSION": ".mkv"
},
{
  "FILE NAME": "The Lord of the Rings: The Rings of Power S02-E07",
  "URL": "https://hblinks.pro/archives/77729",
  "EXTENSION": ".zip"
},
{
  "FILE NAME": "Agatha All Along S01-E03",
  "URL": "https://hblinks.pro/archives/77731",
  "EXTENSION": ".zip"
},
{
  "FILE NAME": "Ulajh 2024 1080p",
  "URL": "https://hblinks.pro/archives/77736",
  "EXTENSION": ".mkv"
},
{
  "FILE NAME": "Ulajh 2024 1080p HEVC",
  "URL": "https://hblinks.pro/archives/77737",
  "EXTENSION": ".mkv"
},
{
  "FILE NAME": "Ulajh 2024 720p",
  "URL": "https://hblinks.pro/archives/77738",
  "EXTENSION": ".mkv"
},
{
  "FILE NAME": "Ulajh 2024 720p HEVC",
  "URL": "https://hblinks.pro/archives/77739",
  "EXTENSION": ".mkv"
},
{
  "FILE NAME": "GOAT 2024 720p",
  "URL": "https://hblinks.pro/archives/77744",
  "EXTENSION": ".mkv"
},
{
  "FILE NAME": "GOAT 2024 1080p",
  "URL": "https://hblinks.pro/archives/77746",
  "EXTENSION": ".mkv"
},
{
  "FILE NAME": "Taaza Khabar S02 4K",
  "URL": "https://hblinks.pro/archives/77749",
  "EXTENSION": ".zip"
},
{
  "FILE NAME": "Taaza Khabar S02 1080p Pack",
  "URL": "https://hblinks.pro/archives/77751",
  "EXTENSION": ".zip"
},
{
  "FILE NAME": "Taaza Khabar S02 720p Pack",
  "URL": "https://hblinks.pro/archives/77752",
  "EXTENSION": ".zip"
},
{
  "FILE NAME": "Taaza Khabar S02 720p 10Bit Pack",
  "URL": "https://hblinks.pro/archives/77753",
  "EXTENSION": ".zip"
},
{
  "FILE NAME": "Taaza Khabar S02 480p Pack",
  "URL": "https://hblinks.pro/archives/77754",
  "EXTENSION": ".zip"
},
{
  "FILE NAME": "Devara: Part 1 2024 1080p",
  "URL": "https://hblinks.pro/archives/77762",
  "EXTENSION": ".mkv"
},
{
  "FILE NAME": "Devara: Part 1 2024 720p",
  "URL": "https://hblinks.pro/archives/77763",
  "EXTENSION": ".mkv"
},
{
  "FILE NAME": "Gyeongseong Creature S02 1080p Pack",
  "URL": "https://hblinks.pro/archives/77766",
  "EXTENSION": ".zip"
},
{
  "FILE NAME": "Gyeongseong Creature S02 1080p 10Bit Pack",
  "URL": "https://hblinks.pro/archives/77767",
  "EXTENSION": ".zip"
},
{
  "FILE NAME": "Gyeongseong Creature S02 720p Pack",
  "URL": "https://hblinks.pro/archives/77768",
  "EXTENSION": ".zip"
},
{
  "FILE NAME": "Gyeongseong Creature S02 720p 10Bit Pack",
  "URL": "https://hblinks.pro/archives/77769",
  "EXTENSION": ".zip"
},
{
  "FILE NAME": "Gyeongseong Creature S02 480p Pack",
  "URL": "https://hblinks.pro/archives/77770",
  "EXTENSION": ".zip"
},
{
  "FILE NAME": "The Great Indian Kapil Show 2024 S02E02",
  "URL": "https://hblinks.pro/archives/77778",
  "EXTENSION": ".zip"
},
{
  "FILE NAME": "The Penguin S01-E02",
  "URL": "https://hblinks.pro/archives/77780",
  "EXTENSION": ".zip"
},
{
  "FILE NAME": "DeadPool 3 2024 1080p Hindi",
  "URL": "https://hblinks.pro/archives/77782",
  "EXTENSION": ".mkv"
},
{
  "FILE NAME": "DeadPool 3 2024 720p Hindi",
  "URL": "https://hblinks.pro/archives/77783",
  "EXTENSION": ".mkv"
},
{
  "FILE NAME": "DeadPool 3 2024 720p HEVC Hindi",
  "URL": "https://hblinks.pro/archives/77784",
  "EXTENSION": ".mkv"
},
{
  "FILE NAME": "DeadPool 3 2024 1080p HEVC Hindi",
  "URL": "https://hblinks.pro/archives/77788",
  "EXTENSION": ".mkv"
},
{
  "FILE NAME": "Aranmanai 4 1080p Hindi",
  "URL": "https://hblinks.pro/archives/77790",
  "EXTENSION": ".mkv"
},
{
  "FILE NAME": "Aranmanai 4 1080pHEVC Hindi",
  "URL": "https://hblinks.pro/archives/77791",
  "EXTENSION": ".mkv"
},
{
  "FILE NAME": "Aranmanai 4 720p Hindi",
  "URL": "https://hblinks.pro/archives/77792",
  "EXTENSION": ".mkv"
},
{
  "FILE NAME": "Aranmanai 4 720p-HEVC Hindi",
  "URL": "https://hblinks.pro/archives/77793",
  "EXTENSION": ".mkv"
},
{
  "FILE NAME": "When Evil Lurks 2023 1080p",
  "URL": "https://hblinks.pro/archives/77802",
  "EXTENSION": ".mkv"
},
{
  "FILE NAME": "When Evil Lurks 2023 1080p 10Bit",
  "URL": "https://hblinks.pro/archives/77803",
  "EXTENSION": ".mkv"
},
{
  "FILE NAME": "When Evil Lurks 2023 720p",
  "URL": "https://hblinks.pro/archives/77804",
  "EXTENSION": ".mkv"
},
{
  "FILE NAME": "When Evil Lurks 2023 720p 10Bit",
  "URL": "https://hblinks.pro/archives/77805",
  "EXTENSION": ".mkv"
},
{
  "FILE NAME": "Blink Twice 2024 1080p",
  "URL": "https://hblinks.pro/archives/77811",
  "EXTENSION": ".mkv"
},
{
  "FILE NAME": "Blink Twice 2024 1080p 10Bit",
  "URL": "https://hblinks.pro/archives/77812",
  "EXTENSION": ".mkv"
},
{
  "FILE NAME": "Blink Twice 2024 720p",
  "URL": "https://hblinks.pro/archives/77813",
  "EXTENSION": ".mkv"
},
{
  "FILE NAME": "Blink Twice 2024 720p 10Bit",
  "URL": "https://hblinks.pro/archives/77814",
  "EXTENSION": ".mkv"
},
{
  "FILE NAME": "GOAT 2024 1080p ORG",
  "URL": "https://hblinks.pro/archives/77824",
  "EXTENSION": ".mkv"
},
{
  "FILE NAME": "GOAT 2024 720p ORG",
  "URL": "https://hblinks.pro/archives/77825",
  "EXTENSION": ".mkv"
},
{
  "FILE NAME": "GOAT 2024 720pHEVC ORG",
  "URL": "https://hblinks.pro/archives/77826",
  "EXTENSION": ".mkv"
},
{
  "FILE NAME": "GOAT 2024 1080pHEVC ORG",
  "URL": "https://hblinks.pro/archives/77831",
  "EXTENSION": ".mkv"
},
{
  "FILE NAME": "Agatha All Along S01-E04",
  "URL": "https://hblinks.pro/archives/77833",
  "EXTENSION": ".zip"
},
{
  "FILE NAME": "The Lord of the Rings: The Rings of Power S02-E08",
  "URL": "https://hblinks.pro/archives/77838",
  "EXTENSION": ".zip"
},
{
  "FILE NAME": "The Lord of the Rings: The Rings of Power S02 1080p Pack",
  "URL": "https://hblinks.pro/archives/77843",
  "EXTENSION": ".zip"
},
{
  "FILE NAME": "The Lord of the Rings: The Rings of Power S02 1080p 10Bit Pack",
  "URL": "https://hblinks.pro/archives/77844",
  "EXTENSION": ".zip"
},
{
  "FILE NAME": "The Lord of the Rings: The Rings of Power S02 720p Pack",
  "URL": "https://hblinks.pro/archives/77845",
  "EXTENSION": ".zip"
},
{
  "FILE NAME": "The Lord of the Rings: The Rings of Power S02 720p 10Bit Pack",
  "URL": "https://hblinks.pro/archives/77846",
  "EXTENSION": ".zip"
},
{
  "FILE NAME": "The Lord of the Rings: The Rings of Power S02 480p Pack",
  "URL": "https://hblinks.pro/archives/77847",
  "EXTENSION": ".zip"
},
{
  "FILE NAME": "The Lord of the Rings: The Rings of Power S02 4K SDR",
  "URL": "https://hblinks.pro/archives/77854",
  "EXTENSION": ".zip"
},
{
  "FILE NAME": "The Lord of the Rings: The Rings of Power S02 1080p TRUE WEB-DL",
  "URL": "https://hblinks.pro/archives/77856",
  "EXTENSION": ".zip"
},
{
  "FILE NAME": "Demonte Colony 2015 UNCUT 1080p",
  "URL": "https://hblinks.pro/archives/77858",
  "EXTENSION": ".mkv"
},
{
  "FILE NAME": "Demonte Colony 2015 UNCUT 1080p HEVC",
  "URL": "https://hblinks.pro/archives/77859",
  "EXTENSION": ".mkv"
},
{
  "FILE NAME": "Demonte Colony 2015 UNCUT 720p",
  "URL": "https://hblinks.pro/archives/77860",
  "EXTENSION": ".mkv"
},
{
  "FILE NAME": "Demonte Colony 2015 UNCUT 720p HEVC",
  "URL": "https://hblinks.pro/archives/77861",
  "EXTENSION": ".mkv"
}