[
{
  "FILE NAME": "The Penguin S01-E05",
  "URL": "https://hblinks.pro/archives/78427",
  "EXTENSION": ".zip"
},
{
  "FILE NAME": "FROM S03-E05",
  "URL": "https://hblinks.pro/archives/78429",
  "EXTENSION": ".zip"
},
{
  "FILE NAME": "The Beauty Inside 2015 1080p",
  "URL": "https://hblinks.pro/archives/78431",
  "EXTENSION": ".mkv"
},
{
  "FILE NAME": "The Beauty Inside 2015 1080p 10Bit",
  "URL": "https://hblinks.pro/archives/78432",
  "EXTENSION": ".mkv"
},
{
  "FILE NAME": "The Beauty Inside 2015 720p",
  "URL": "https://hblinks.pro/archives/78433",
  "EXTENSION": ".mkv"
},
{
  "FILE NAME": "The Beauty Inside 2015 720p 10Bit",
  "URL": "https://hblinks.pro/archives/78434",
  "EXTENSION": ".mkv"
},
{
  "FILE NAME": "Life 2017 1080p",
  "URL": "https://hblinks.pro/archives/78439",
  "EXTENSION": ".mkv"
},
{
  "FILE NAME": "Life 2017 1080p 10Bit",
  "URL": "https://hblinks.pro/archives/78440",
  "EXTENSION": ".mkv"
},
{
  "FILE NAME": "Life 2017 720p",
  "URL": "https://hblinks.pro/archives/78441",
  "EXTENSION": ".mkv"
},
{
  "FILE NAME": "Life 2017 720p 10Bit",
  "URL": "https://hblinks.pro/archives/78442",
  "EXTENSION": ".mkv"
},
{
  "FILE NAME": "Joker: Folie à Deux 2024 MULTI AUDIO [Hindi Voice Over]",
  "URL": "https://hblinks.pro/archives/78448",
  "EXTENSION": ".mkv"
},
{
  "FILE NAME": "Agatha All Along S01-E07",
  "URL": "https://hblinks.pro/archives/78451",
  "EXTENSION": ".zip"
},
{
  "FILE NAME": "Last World War 2024 1080p ORG-LiNE",
  "URL": "https://hblinks.pro/archives/78453",
  "EXTENSION": ".mkv"
},
{
  "FILE NAME": "Last World War 2024 720p ORG-LiNE",
  "URL": "https://hblinks.pro/archives/78454",
  "EXTENSION": ".mkv"
},
{
  "FILE NAME": "Venom 2018 1080p",
  "URL": "https://hblinks.pro/archives/78461",
  "EXTENSION": ".mkv"
},
{
  "FILE NAME": "Venom 2018 1080p 10Bit",
  "URL": "https://hblinks.pro/archives/78462",
  "EXTENSION": ".mkv"
},
{
  "FILE NAME": "Venom 2018 720p",
  "URL": "https://hblinks.pro/archives/78463",
  "EXTENSION": ".mkv"
},
{
  "FILE NAME": "Venom 2018 720p 10Bit",
  "URL": "https://hblinks.pro/archives/78464",
  "EXTENSION": ".mkv"
},
{
  "FILE NAME": "Venom: Let There Be Carnage 2021 1080p",
  "URL": "https://hblinks.pro/archives/78470",
  "EXTENSION": ".mkv"
},
{
  "FILE NAME": "Venom: Let There Be Carnage 2021 1080p 10Bit",
  "URL": "https://hblinks.pro/archives/78471",
  "EXTENSION": ".mkv"
},
{
  "FILE NAME": "Venom: Let There Be Carnage 2021 720p",
  "URL": "https://hblinks.pro/archives/78472",
  "EXTENSION": ".mkv"
},
{
  "FILE NAME": "Venom: Let There Be Carnage 2021 720p 10Bit",
  "URL": "https://hblinks.pro/archives/78473",
  "EXTENSION": ".mkv"
},
{
  "FILE NAME": "Venom 3 2024 1080p HDTS",
  "URL": "https://hblinks.pro/archives/78478",
  "EXTENSION": ".mkv"
},
{
  "FILE NAME": "Venom 3 2024 720p HDTS",
  "URL": "https://hblinks.pro/archives/78479",
  "EXTENSION": ".mkv"
},
{
  "FILE NAME": "Cloudy Mountain 2021 1080p",
  "URL": "https://hblinks.pro/archives/78482",
  "EXTENSION": ".mkv"
},
{
  "FILE NAME": "Cloudy Mountain 2021 1080p 10Bit",
  "URL": "https://hblinks.pro/archives/78483",
  "EXTENSION": ".mkv"
},
{
  "FILE NAME": "Cloudy Mountain 2021 720p",
  "URL": "https://hblinks.pro/archives/78484",
  "EXTENSION": ".mkv"
},
{
  "FILE NAME": "Cloudy Mountain 2021 720p 10Bit",
  "URL": "https://hblinks.pro/archives/78485",
  "EXTENSION": ".mkv"
},
{
  "FILE NAME": "Zwigato 2023 1080p",
  "URL": "https://hblinks.pro/archives/78490",
  "EXTENSION": ".mkv"
},
{
  "FILE NAME": "Zwigato 2023 1080p HEVC",
  "URL": "https://hblinks.pro/archives/78491",
  "EXTENSION": ".mkv"
},
{
  "FILE NAME": "Zwigato 2023 720p",
  "URL": "https://hblinks.pro/archives/78492",
  "EXTENSION": ".mkv"
},
{
  "FILE NAME": "Zwigato 2023 720p HEVC",
  "URL": "https://hblinks.pro/archives/78493",
  "EXTENSION": ".mkv"
},
{
  "FILE NAME": "The Extortion 2023 1080p",
  "URL": "https://hblinks.pro/archives/78498",
  "EXTENSION": ".mkv"
},
{
  "FILE NAME": "The Extortion 2023 1080p 10Bit",
  "URL": "https://hblinks.pro/archives/78499",
  "EXTENSION": ".mkv"
},
{
  "FILE NAME": "The Extortion 2023 720p",
  "URL": "https://hblinks.pro/archives/78500",
  "EXTENSION": ".mkv"
},
{
  "FILE NAME": "The Extortion 2023 720p 10Bit",
  "URL": "https://hblinks.pro/archives/78501",
  "EXTENSION": ".mkv"
},
{
  "FILE NAME": "The Miranda Brothers 2024 1080p",
  "URL": "https://hblinks.pro/archives/78506",
  "EXTENSION": ".mkv"
},
{
  "FILE NAME": "The Miranda Brothers 2024 1080p HEVC",
  "URL": "https://hblinks.pro/archives/78507",
  "EXTENSION": ".mkv"
},
{
  "FILE NAME": "The Miranda Brothers 2024 720p",
  "URL": "https://hblinks.pro/archives/78508",
  "EXTENSION": ".mkv"
},
{
  "FILE NAME": "The Miranda Brothers 2024 720p HEVC",
  "URL": "https://hblinks.pro/archives/78509",
  "EXTENSION": ".mkv"
},
{
  "FILE NAME": "Vettaiyan 2024 1080p",
  "URL": "https://hblinks.pro/archives/78518",
  "EXTENSION": ".mkv"
},
{
  "FILE NAME": "Vettaiyan 2024 720p",
  "URL": "https://hblinks.pro/archives/78519",
  "EXTENSION": ".mkv"
},
{
  "FILE NAME": "Meiyazhagan 2024 1080p",
  "URL": "https://hblinks.pro/archives/78522",
  "EXTENSION": ".mkv"
},
{
  "FILE NAME": "Meiyazhagan 2024 720p",
  "URL": "https://hblinks.pro/archives/78523",
  "EXTENSION": ".mkv"
},
{
  "FILE NAME": "Meiyazhagan 2024 1080p 10Bit",
  "URL": "https://hblinks.pro/archives/78526",
  "EXTENSION": ".mkv"
},
{
  "FILE NAME": "Meiyazhagan 2024 720p 10Bit",
  "URL": "https://hblinks.pro/archives/78527",
  "EXTENSION": ".mkv"
},
{
  "FILE NAME": "Hellbound S02 720p Pack",
  "URL": "https://hblinks.pro/archives/78530",
  "EXTENSION": ".zip"
},
{
  "FILE NAME": "Hellbound S02 480p Pack",
  "URL": "https://hblinks.pro/archives/78531",
  "EXTENSION": ".zip"
},
{
  "FILE NAME": "Hellbound S02 1080p Pack",
  "URL": "https://hblinks.pro/archives/78534",
  "EXTENSION": ".zip"
},
{
  "FILE NAME": "Do Patti 2024 1080p",
  "URL": "https://hblinks.pro/archives/78536",
  "EXTENSION": ".mkv"
},
{
  "FILE NAME": "Do Patti 2024 720p",
  "URL": "https://hblinks.pro/archives/78537",
  "EXTENSION": ".mkv"
},
{
  "FILE NAME": "The Legend of Hanuman S05 1080p Pack",
  "URL": "https://hblinks.pro/archives/78540",
  "EXTENSION": ".zip"
},
{
  "FILE NAME": "The Legend of Hanuman S05 720p Pack",
  "URL": "https://hblinks.pro/archives/78541",
  "EXTENSION": ".zip"
},
{
  "FILE NAME": "The Legend of Hanuman S05 480p Pack",
  "URL": "https://hblinks.pro/archives/78542",
  "EXTENSION": ".zip"
},
{
  "FILE NAME": "The Great Indian Kapil Show 2024 S02E06",
  "URL": "https://hblinks.pro/archives/78546",
  "EXTENSION": ".zip"
},
{
  "FILE NAME": "Golam 2024 1080p",
  "URL": "https://hblinks.pro/archives/78548",
  "EXTENSION": ".mkv"
},
{
  "FILE NAME": "Golam 2024 1080p HEVC",
  "URL": "https://hblinks.pro/archives/78549",
  "EXTENSION": ".mkv"
},
{
  "FILE NAME": "Golam 2024 720p",
  "URL": "https://hblinks.pro/archives/78550",
  "EXTENSION": ".mkv"
},
{
  "FILE NAME": "Golam 2024 720p HEVC",
  "URL": "https://hblinks.pro/archives/78554",
  "EXTENSION": ".mkv"
},
{
  "FILE NAME": "Paris Has Fallen S01-E03",
  "URL": "https://hblinks.pro/archives/78559",
  "EXTENSION": ".zip"
},
{
  "FILE NAME": "Paris Has Fallen S01-E04",
  "URL": "https://hblinks.pro/archives/78560",
  "EXTENSION": ".zip"
},
{
  "FILE NAME": "Reunion 2024 1080p",
  "URL": "https://hblinks.pro/archives/78563",
  "EXTENSION": ".mkv"
},
{
  "FILE NAME": "Reunion 2024 1080p 10Bit",
  "URL": "https://hblinks.pro/archives/78564",
  "EXTENSION": ".mkv"
},
{
  "FILE NAME": "Reunion 2024 720p",
  "URL": "https://hblinks.pro/archives/78565",
  "EXTENSION": ".mkv"
},
{
  "FILE NAME": "Reunion 2024 720p 10Bit",
  "URL": "https://hblinks.pro/archives/78566",
  "EXTENSION": ".mkv"
},
{
  "FILE NAME": "Don’t Move 2024 1080p",
  "URL": "https://hblinks.pro/archives/78571",
  "EXTENSION": ".mkv"
},
{
  "FILE NAME": "Don’t Move 2024 1080p 10Bit",
  "URL": "https://hblinks.pro/archives/78572",
  "EXTENSION": ".mkv"
},
{
  "FILE NAME": "Don’t Move 2024 720p",
  "URL": "https://hblinks.pro/archives/78573",
  "EXTENSION": ".mkv"
},
{
  "FILE NAME": "Don’t Move 2024 720p 10Bit",
  "URL": "https://hblinks.pro/archives/78574",
  "EXTENSION": ".mkv"
},
{
  "FILE NAME": "Hellbound S02 1080p 10Bit Pack",
  "URL": "https://hblinks.pro/archives/78579",
  "EXTENSION": ".zip"
},
{
  "FILE NAME": "Hellbound S02 720p 10Bit Pack",
  "URL": "https://hblinks.pro/archives/78580",
  "EXTENSION": ".zip"
},
{
  "FILE NAME": "The Penguin S01-E06",
  "URL": "https://hblinks.pro/archives/78585",
  "EXTENSION": ".zip"
},
{
  "FILE NAME": "FROM S03-E06",
  "URL": "https://hblinks.pro/archives/78588",
  "EXTENSION": ".zip"
},
{
  "FILE NAME": "Strange Darling 2023 1080p",
  "URL": "https://hblinks.pro/archives/78591",
  "EXTENSION": ".mkv"
},
{
  "FILE NAME": "Strange Darling 2023 1080p 10Bit",
  "URL": "https://hblinks.pro/archives/78592",
  "EXTENSION": ".mkv"
},
{
  "FILE NAME": "Strange Darling 2023 720p",
  "URL": "https://hblinks.pro/archives/78593",
  "EXTENSION": ".mkv"
},
{
  "FILE NAME": "Strange Darling 2023 720p 10Bit",
  "URL": "https://hblinks.pro/archives/78594",
  "EXTENSION": ".mkv"
},
{
  "FILE NAME": "Venom 3 2024 1080p V2-HDTS",
  "URL": "https://hblinks.pro/archives/78599",
  "EXTENSION": ".mkv"
},
{
  "FILE NAME": "Venom 3 2024 720p V2-HDTS",
  "URL": "https://hblinks.pro/archives/78600",
  "EXTENSION": ".mkv"
},
{
  "FILE NAME": "Paris Has Fallen S01-E05",
  "URL": "https://hblinks.pro/archives/78604",
  "EXTENSION": ".zip"
},
{
  "FILE NAME": "Paris Has Fallen S01-E06",
  "URL": "https://hblinks.pro/archives/78605",
  "EXTENSION": ".zip"
},
{
  "FILE NAME": "Yudhra 2024 1080p",
  "URL": "https://hblinks.pro/archives/78608",
  "EXTENSION": ".mkv"
},
{
  "FILE NAME": "Yudhra 2024 1080p HEVC",
  "URL": "https://hblinks.pro/archives/78609",
  "EXTENSION": ".mkv"
},
{
  "FILE NAME": "Yudhra 2024 720p",
  "URL": "https://hblinks.pro/archives/78610",
  "EXTENSION": ".mkv"
},
{
  "FILE NAME": "Yudhra 2024 720p HEVC",
  "URL": "https://hblinks.pro/archives/78611",
  "EXTENSION": ".mkv"
},
{
  "FILE NAME": "Amaran 2024 1080p PRE-DVD",
  "URL": "https://hblinks.pro/archives/78616",
  "EXTENSION": ".mkv"
},
{
  "FILE NAME": "Amaran 2024 720p PRE-DVD",
  "URL": "https://hblinks.pro/archives/78617",
  "EXTENSION": ".mkv"
},
{
  "FILE NAME": "Amaran 2024 720p HEVC PRE-DVD",
  "URL": "https://hblinks.pro/archives/78618",
  "EXTENSION": ".mkv"
},
{
  "FILE NAME": "Bhool Bhulaiyaa 3 720p HDTS",
  "URL": "https://hblinks.pro/archives/78622",
  "EXTENSION": ".mkv"
},
{
  "FILE NAME": "Bhool Bhulaiyaa 3 2024 1080p",
  "URL": "https://hblinks.pro/archives/78624",
  "EXTENSION": ".mkv"
},
{
  "FILE NAME": "Singham Again 720p HDTS",
  "URL": "https://hblinks.pro/archives/78633",
  "EXTENSION": ".mkv"
},
{
  "FILE NAME": "Singham Again 1080p HDTS",
  "URL": "https://hblinks.pro/archives/78635",
  "EXTENSION": ".mkv"
},
{
  "FILE NAME": "Apocalypse Z 2024 1080p",
  "URL": "https://hblinks.pro/archives/78638",
  "EXTENSION": ".mkv"
},
{
  "FILE NAME": "Apocalypse Z 2024 1080p 10Bit",
  "URL": "https://hblinks.pro/archives/78639",
  "EXTENSION": ".mkv"
},
{
  "FILE NAME": "Apocalypse Z 2024 720p",
  "URL": "https://hblinks.pro/archives/78640",
  "EXTENSION": ".mkv"
},
{
  "FILE NAME": "Apocalypse Z 2024 720p 10Bit",
  "URL": "https://hblinks.pro/archives/78641",
  "EXTENSION": ".mkv"
},
{
  "FILE NAME": "Agatha All Along S01-E08",
  "URL": "https://hblinks.pro/archives/78646",
  "EXTENSION": ".zip"
},
{
  "FILE NAME": "Agatha All Along S01-E09",
  "URL": "https://hblinks.pro/archives/78647",
  "EXTENSION": ".zip"
},
{
  "FILE NAME": "Freedom 2024 1080p",
  "URL": "https://hblinks.pro/archives/78650",
  "EXTENSION": ".mkv"
},
{
  "FILE NAME": "Freedom 2024 1080p HEVC",
  "URL": "https://hblinks.pro/archives/78651",
  "EXTENSION": ".mkv"
},
{
  "FILE NAME": "Freedom 2024 720p",
  "URL": "https://hblinks.pro/archives/78652",
  "EXTENSION": ".mkv"
},
{
  "FILE NAME": "Freedom 2024 720p HEVC",
  "URL": "https://hblinks.pro/archives/78653",
  "EXTENSION": ".mkv"
},
{
  "FILE NAME": "Special 26 2013 1080p",
  "URL": "https://hblinks.pro/archives/78658",
  "EXTENSION": ".mkv"
},
{
  "FILE NAME": "Special 26 2013 720p",
  "URL": "https://hblinks.pro/archives/78659",
  "EXTENSION": ".mkv"
}
]