[
  {
    "FILE NAME": "12TH Fail 2023 720p",
    "URL": "https://hblinks.pro/archives/70001",
    "EXTENSION": ".mkv"
  },
  {
    "FILE NAME": "12TH Fail 2023 480p",
    "URL": "https://hblinks.pro/archives/70002",
    "EXTENSION": ".mkv"
  },
  {
    "FILE NAME": "Wedding.con 480p",
    "URL": "https://hblinks.pro/archives/70006",
    "EXTENSION": ".mkv"
  },
  {
    "FILE NAME": "Wedding.con 720p",
    "URL": "https://hblinks.pro/archives/70007",
    "EXTENSION": ".mkv"
  },
  {
    "FILE NAME": "Wedding.con 1080p",
    "URL": "https://hblinks.pro/archives/70008",
    "EXTENSION": ".mkv"
  },
  {
    "FILE NAME": "12th fail 1080p",
    "URL": "https://hblinks.pro/archives/70017",
    "EXTENSION": ".mkv"
  },
  {
    "FILE NAME": "12th fail 720p HEVC",
    "URL": "https://hblinks.pro/archives/70022",
    "EXTENSION": ".mkv"
  },
  {
    "FILE NAME": "12th fail 1080p HEVC",
    "URL": "https://hblinks.pro/archives/70023",
    "EXTENSION": ".mkv"
  },
  {
    "FILE NAME": "Shastry Virudh Shastry 2023 1080p",
    "URL": "https://hblinks.pro/archives/70028",
    "EXTENSION": ".mkv"
  },
  {
    "FILE NAME": "Shastry Virudh Shastry 2023 480p",
    "URL": "https://hblinks.pro/archives/70029",
    "EXTENSION": ".mkv"
  },
  {
    "FILE NAME": "Shastry Virudh Shastry 2023 720p",
    "URL": "https://hblinks.pro/archives/70030",
    "EXTENSION": ".mkv"
  },
  {
    "FILE NAME": "Three of Us 2023 720p",
    "URL": "https://hblinks.pro/archives/70034",
    "EXTENSION": ".mkv"
  },
  {
    "FILE NAME": "Three of Us 2023 1080p",
    "URL": "https://hblinks.pro/archives/70035",
    "EXTENSION": ".mkv"
  },
  {
    "FILE NAME": "Three of Us 2023 480p",
    "URL": "https://hblinks.pro/archives/70036",
    "EXTENSION": ".mkv"
  },
  {
    "FILE NAME": "Money Heist: Berlin S01 720p 10Bit Pack",
    "URL": "https://hblinks.pro/archives/70045",
    "EXTENSION": ".zip"
  },
  {
    "FILE NAME": "Money Heist: Berlin S01 480p Pack",
    "URL": "https://hblinks.pro/archives/70049",
    "EXTENSION": ".zip"
  },
  {
    "FILE NAME": "Money Heist: Berlin S01 720p Pack",
    "URL": "https://hblinks.pro/archives/70053",
    "EXTENSION": ".zip"
  },
  {
    "FILE NAME": "Money Heist: Berlin S01 1080p Pack",
    "URL": "https://hblinks.pro/archives/70059",
    "EXTENSION": ".zip"
  },
  {
    "FILE NAME": "berlin 720p 10bit HEVC",
    "URL": "https://hblinks.pro/archives/70064",
    "EXTENSION": ".mkv"
  },
  {
    "FILE NAME": "What iF S02-E01 Hindi Dub",
    "URL": "https://hblinks.pro/archives/70068",
    "EXTENSION": ".zip"
  },
  {
    "FILE NAME": "What iF S02-E08",
    "URL": "https://hblinks.pro/archives/70072",
    "EXTENSION": ".zip"
  },
  {
    "FILE NAME": "Reacher S02 E05",
    "URL": "https://hblinks.pro/archives/70075",
    "EXTENSION": ".zip"
  },
  {
    "FILE NAME": "Berlin S01 1080p 10Bit Pack",
    "URL": "https://hblinks.pro/archives/70080",
    "EXTENSION": ".zip"
  },
  {
    "FILE NAME": "Berlin S01 720p 10Bit Pack",
    "URL": "https://hblinks.pro/archives/70081",
    "EXTENSION": ".zip"
  },
  {
    "FILE NAME": "Parking 2023 1080p",
    "URL": "https://hblinks.pro/archives/70087",
    "EXTENSION": ".mkv"
  },
  {
    "FILE NAME": "Parking 2023 720p",
    "URL": "https://hblinks.pro/archives/70088",
    "EXTENSION": ".mkv"
  },
  {
    "FILE NAME": "Parking 2023 480p",
    "URL": "https://hblinks.pro/archives/70089",
    "EXTENSION": ".mkv"
  },
  {
    "FILE NAME": "Parking 2023 720p HEVC",
    "URL": "https://hblinks.pro/archives/70090",
    "EXTENSION": ".mkv"
  },
  {
    "FILE NAME": "What iF S02-E02 Hindi Dub",
    "URL": "https://hblinks.pro/archives/70096",
    "EXTENSION": ".zip"
  },
  {
    "FILE NAME": "What iF S02-E09",
    "URL": "https://hblinks.pro/archives/70098",
    "EXTENSION": ".zip"
  },
  {
    "FILE NAME": "Annapoorani 2023 480p",
    "URL": "https://hblinks.pro/archives/70106",
    "EXTENSION": ".mkv"
  },
  {
    "FILE NAME": "Annapoorani 2023 720p",
    "URL": "https://hblinks.pro/archives/70107",
    "EXTENSION": ".mkv"
  },
  {
    "FILE NAME": "Annapoorani 2023 1080p",
    "URL": "https://hblinks.pro/archives/70108",
    "EXTENSION": ".mkv"
  },
  {
    "FILE NAME": "Crooked House 2017 480p",
    "URL": "https://hblinks.pro/archives/70113",
    "EXTENSION": ".mkv"
  },
  {
    "FILE NAME": "Crooked House 2017 720p",
    "URL": "https://hblinks.pro/archives/70114",
    "EXTENSION": ".mkv"
  },
  {
    "FILE NAME": "Crooked House 2017 1080p",
    "URL": "https://hblinks.pro/archives/70115",
    "EXTENSION": ".mkv"
  },
  {
    "FILE NAME": "Crooked House 2017 720p HEVC",
    "URL": "https://hblinks.pro/archives/70116",
    "EXTENSION": ".mkv"
  },
  {
    "FILE NAME": "November Criminals 2017 1080p",
    "URL": "https://hblinks.pro/archives/70126",
    "EXTENSION": ".mkv"
  },
  {
    "FILE NAME": "November Criminals 2017 720p",
    "URL": "https://hblinks.pro/archives/70127",
    "EXTENSION": ".mkv"
  },
  {
    "FILE NAME": "November Criminals 2017 480p",
    "URL": "https://hblinks.pro/archives/70128",
    "EXTENSION": ".mkv"
  },
  {
    "FILE NAME": "November Criminals 2017 1080p 10Bit",
    "URL": "https://hblinks.pro/archives/70129",
    "EXTENSION": ".mkv"
  },
  {
    "FILE NAME": "November Criminals 2017 720p 10Bit",
    "URL": "https://hblinks.pro/archives/70130",
    "EXTENSION": ".mkv"
  },
  {
    "FILE NAME": "Dono 2023 480p",
    "URL": "https://hblinks.pro/archives/70138",
    "EXTENSION": ".mkv"
  },
  {
    "FILE NAME": "Dono 2023 720p",
    "URL": "https://hblinks.pro/archives/70139",
    "EXTENSION": ".mkv"
  },
  {
    "FILE NAME": "Dono 2023 1080p",
    "URL": "https://hblinks.pro/archives/70140",
    "EXTENSION": ".mkv"
  },
  {
    "FILE NAME": "What iF S02-E03 Hindi Dub",
    "URL": "https://hblinks.pro/archives/70147",
    "EXTENSION": ".zip"
  },
  {
    "FILE NAME": "Meet the Blacks 2016 1080p",
    "URL": "https://hblinks.pro/archives/70151",
    "EXTENSION": ".mkv"
  },
  {
    "FILE NAME": "Meet the Blacks 2016 1080p 10Bit",
    "URL": "https://hblinks.pro/archives/70152",
    "EXTENSION": ".mkv"
  },
  {
    "FILE NAME": "Meet the Blacks 2016 720p",
    "URL": "https://hblinks.pro/archives/70153",
    "EXTENSION": ".mkv"
  },
  {
    "FILE NAME": "Meet the Blacks 2016 720p 10Bit",
    "URL": "https://hblinks.pro/archives/70154",
    "EXTENSION": ".mkv"
  },
  {
    "FILE NAME": "Meet the Blacks 2016 480p",
    "URL": "https://hblinks.pro/archives/70155",
    "EXTENSION": ".mkv"
  },
  {
    "FILE NAME": "Killer Joe 2011 1080p",
    "URL": "https://hblinks.pro/archives/70171",
    "EXTENSION": ".mkv"
  },
  {
    "FILE NAME": "Killer Joe 2011 1080p 10Bit",
    "URL": "https://hblinks.pro/archives/70172",
    "EXTENSION": ".mkv"
  },
  {
    "FILE NAME": "Killer Joe 2011 720p",
    "URL": "https://hblinks.pro/archives/70173",
    "EXTENSION": ".mkv"
  },
  {
    "FILE NAME": "Killer Joe 2011 720p 10Bit",
    "URL": "https://hblinks.pro/archives/70174",
    "EXTENSION": ".mkv"
  },
  {
    "FILE NAME": "Killer Joe 2011 480p",
    "URL": "https://hblinks.pro/archives/70175",
    "EXTENSION": ".mkv"
  },
  {
    "FILE NAME": "Disquiet 2023 1080p",
    "URL": "https://hblinks.pro/archives/70189",
    "EXTENSION": ".mkv"
  },
  {
    "FILE NAME": "Disquiet 2023 1080p 10Bit",
    "URL": "https://hblinks.pro/archives/70190",
    "EXTENSION": ".mkv"
  },
  {
    "FILE NAME": "Disquiet 2023 720p",
    "URL": "https://hblinks.pro/archives/70191",
    "EXTENSION": ".mkv"
  },
  {
    "FILE NAME": "Disquiet 2023 720p 10Bit",
    "URL": "https://hblinks.pro/archives/70192",
    "EXTENSION": ".mkv"
  },
  {
    "FILE NAME": "Disquiet 2023 480p",
    "URL": "https://hblinks.pro/archives/70193",
    "EXTENSION": ".mkv"
  },
  {
    "FILE NAME": "What iF S02-E04 Hindi Dub",
    "URL": "https://hblinks.pro/archives/70199",
    "EXTENSION": ".zip"
  },
  {
    "FILE NAME": "The Diary of a Teenage Girl 2015 Movie [Hindi + English] WEB-HD 1080p",
    "URL": "https://hblinks.pro/archives/70203",
    "EXTENSION": ".mkv"
  },
  {
    "FILE NAME": "The Diary of a Teenage Girl 2015 Movie [Hindi + English] WEB-HD 720p",
    "URL": "https://hblinks.pro/archives/70204",
    "EXTENSION": ".mkv"
  },
  {
    "FILE NAME": "The Diary of a Teenage Girl 2015 Movie [Hindi + English] WEB-HD 480p",
    "URL": "https://hblinks.pro/archives/70205",
    "EXTENSION": ".mkv"
  },
  {
    "FILE NAME": "The Best.of Enemies 2019 Movie [Hindi + English] WEB-HD 1080p",
    "URL": "https://hblinks.pro/archives/70209",
    "EXTENSION": ".mkv"
  },
  {
    "FILE NAME": "The Best.of Enemies 2019 Movie [Hindi + English] WEB-HD 720p",
    "URL": "https://hblinks.pro/archives/70210",
    "EXTENSION": ".mkv"
  },
  {
    "FILE NAME": "The Best.of Enemies 2019 Movie [Hindi + English] WEB-HD 480p",
    "URL": "https://hblinks.pro/archives/70211",
    "EXTENSION": ".mkv"
  },
  {
    "FILE NAME": "On the Come Up 2022 Movie [Hindi + English] WEB-HD 1080p",
    "URL": "https://hblinks.pro/archives/70215",
    "EXTENSION": ".mkv"
  },
  {
    "FILE NAME": "On the Come Up 2022 Movie [Hindi + English] WEB-HD 720p",
    "URL": "https://hblinks.pro/archives/70216",
    "EXTENSION": ".mkv"
  },
  {
    "FILE NAME": "On the Come Up 2022 Movie [Hindi + English] WEB-HD 480p",
    "URL": "https://hblinks.pro/archives/70217",
    "EXTENSION": ".mkv"
  },
  {
    "FILE NAME": "Hi Nanna 2023 1080p Hindi",
    "URL": "https://hblinks.pro/archives/70221",
    "EXTENSION": ".mkv"
  },
  {
    "FILE NAME": "Hi Nanna 2023 1080p 10Bit HEVC",
    "URL": "https://hblinks.pro/archives/70222",
    "EXTENSION": ".mkv"
  },
  {
    "FILE NAME": "Hi Nanna 2023 720p Hindi",
    "URL": "https://hblinks.pro/archives/70223",
    "EXTENSION": ".mkv"
  },
  {
    "FILE NAME": "Hi Nanna 2023 720p HEVC Hindi",
    "URL": "https://hblinks.pro/archives/70231",
    "EXTENSION": ".mkv"
  },
  {
    "FILE NAME": "November Criminals 2017 Movie [Hindi + English] WEB-HD 1080p",
    "URL": "https://hblinks.pro/archives/70241",
    "EXTENSION": ".mkv"
  },
  {
    "FILE NAME": "November Criminals 2017 Movie [Hindi + English] WEB-HD 720p",
    "URL": "https://hblinks.pro/archives/70242",
    "EXTENSION": ".mkv"
  },
  {
    "FILE NAME": "November Criminals 2017 Movie [Hindi + English] WEB-HD 480p",
    "URL": "https://hblinks.pro/archives/70243",
    "EXTENSION": ".mkv"
  },
  {
    "FILE NAME": "Agaathaa kristtii aur ajiib privaar 2017 Movie [Hindi + English] WEB-HD 1080p",
    "URL": "https://hblinks.pro/archives/70249",
    "EXTENSION": ".mkv"
  },
  {
    "FILE NAME": "Agaathaa kristtii aur ajiib privaar 2017 Movie [Hindi + English] WEB-HD 720p",
    "URL": "https://hblinks.pro/archives/70250",
    "EXTENSION": ".mkv"
  },
  {
    "FILE NAME": "Agaathaa kristtii aur ajiib privaar 2017 Movie [Hindi + English] WEB-HD 480p",
    "URL": "https://hblinks.pro/archives/70251",
    "EXTENSION": ".mkv"
  },
  {
    "FILE NAME": "What iF S02-E05 Hindi Dub",
    "URL": "https://hblinks.pro/archives/70255",
    "EXTENSION": ".zip"
  },
  {
    "FILE NAME": "Society Of The Snow 1080p",
    "URL": "https://hblinks.pro/archives/70257",
    "EXTENSION": ".mkv"
  },
  {
    "FILE NAME": "Society Of The Snow 720p",
    "URL": "https://hblinks.pro/archives/70258",
    "EXTENSION": ".mkv"
  },
  {
    "FILE NAME": "Society Of The Snow HEVC",
    "URL": "https://hblinks.pro/archives/70259",
    "EXTENSION": ".mkv"
  },
  {
    "FILE NAME": "Kaathal-The Core 1080p",
    "URL": "https://hblinks.pro/archives/70267",
    "EXTENSION": ".mkv"
  },
  {
    "FILE NAME": "Kaathal-The Core 720p",
    "URL": "https://hblinks.pro/archives/70268",
    "EXTENSION": ".mkv"
  },
  {
    "FILE NAME": "The Brothers Sun S01 1080p AV1 Pack",
    "URL": "https://hblinks.pro/archives/70272",
    "EXTENSION": ".zip"
  },
  {
    "FILE NAME": "The Brothers Sun S01 720p 10Bit Pack",
    "URL": "https://hblinks.pro/archives/70273",
    "EXTENSION": ".zip"
  },
  {
    "FILE NAME": "The Brothers Sun S01 480p Pack",
    "URL": "https://hblinks.pro/archives/70274",
    "EXTENSION": ".zip"
  },
  {
    "FILE NAME": "Hypnotic 2023 1080p",
    "URL": "https://hblinks.pro/archives/70285",
    "EXTENSION": ".mkv"
  },
  {
    "FILE NAME": "Hypnotic 2023 1080p 10Bit",
    "URL": "https://hblinks.pro/archives/70286",
    "EXTENSION": ".mkv"
  },
  {
    "FILE NAME": "Hypnotic 2023 720p",
    "URL": "https://hblinks.pro/archives/70287",
    "EXTENSION": ".mkv"
  },
  {
    "FILE NAME": "Hypnotic 2023 720p 10Bit",
    "URL": "https://hblinks.pro/archives/70288",
    "EXTENSION": ".mkv"
  },
  {
    "FILE NAME": "Hypnotic 2023 480p",
    "URL": "https://hblinks.pro/archives/70289",
    "EXTENSION": ".mkv"
  },
  {
    "FILE NAME": "Tejas 1080p",
    "URL": "https://hblinks.pro/archives/70295",
    "EXTENSION": ".mkv"
  },
  {
    "FILE NAME": "Tejas 720p",
    "URL": "https://hblinks.pro/archives/70296",
    "EXTENSION": ".mkv"
  },
  {
    "FILE NAME": "Expend4bles 2023 4K SDR",
    "URL": "https://hblinks.pro/archives/70303",
    "EXTENSION": ".mkv"
  },
  {
    "FILE NAME": "Expend4bles 2023 1080p",
    "URL": "https://hblinks.pro/archives/70304",
    "EXTENSION": ".mkv"
  },
  {
    "FILE NAME": "Expend4bles 2023 1080p 10Bit",
    "URL": "https://hblinks.pro/archives/70305",
    "EXTENSION": ".mkv"
  },
  {
    "FILE NAME": "Expend4bles 2023 720p",
    "URL": "https://hblinks.pro/archives/70306",
    "EXTENSION": ".mkv"
  },
  {
    "FILE NAME": "Expend4bles 2023 720p 10Bit",
    "URL": "https://hblinks.pro/archives/70307",
    "EXTENSION": ".mkv"
  },
  {
    "FILE NAME": "Expend4bles 2023 480p",
    "URL": "https://hblinks.pro/archives/70308",
    "EXTENSION": ".mkv"
  },
  {
    "FILE NAME": "Foe 2023 1080p",
    "URL": "https://hblinks.pro/archives/70327",
    "EXTENSION": ".mkv"
  },
  {
    "FILE NAME": "Foe 2023 720p",
    "URL": "https://hblinks.pro/archives/70328",
    "EXTENSION": ".mkv"
  },
  {
    "FILE NAME": "Foe 2023 480p",
    "URL": "https://hblinks.pro/archives/70329",
    "EXTENSION": ".mkv"
  },
  {
    "FILE NAME": "Foe 2023 720p 10Bit",
    "URL": "https://hblinks.pro/archives/70333",
    "EXTENSION": ".mkv"
  },
  {
    "FILE NAME": "Reacher S02 E06",
    "URL": "https://hblinks.pro/archives/70335",
    "EXTENSION": ".zip"
  },
  {
    "FILE NAME": "What iF S02-E06 Hindi Dub",
    "URL": "https://hblinks.pro/archives/70340",
    "EXTENSION": ".zip"
  },
  {
    "FILE NAME": "Label S01 720p Pack",
    "URL": "https://hblinks.pro/archives/70342",
    "EXTENSION": ".zip"
  },
  {
    "FILE NAME": "Label S01 480p Pack",
    "URL": "https://hblinks.pro/archives/70343",
    "EXTENSION": ".zip"
  },
  {
    "FILE NAME": "Label S01 1080p HEVC",
    "URL": "https://hblinks.pro/archives/70346",
    "EXTENSION": ".zip"
  },
  {
    "FILE NAME": "Label S01 720p HEVC",
    "URL": "https://hblinks.pro/archives/70347",
    "EXTENSION": ".zip"
  },
  {
    "FILE NAME": "You’re Not Alone 2020 Movie [Hindi + English] WEB-HD 720p",
    "URL": "https://hblinks.pro/archives/70355",
    "EXTENSION": ".mkv"
  },
  {
    "FILE NAME": "You’re Not Alone 2020 Movie [Hindi + English] WEB-HD 480p",
    "URL": "https://hblinks.pro/archives/70356",
    "EXTENSION": ".mkv"
  },
  {
    "FILE NAME": "The Samaritans 2017 Movie [Hindi + English] WEB-HD 720p",
    "URL": "https://hblinks.pro/archives/70359",
    "EXTENSION": ".mkv"
  },
  {
    "FILE NAME": "The Samaritans 2017 Movie [Hindi + English] WEB-HD 480p",
    "URL": "https://hblinks.pro/archives/70360",
    "EXTENSION": ".mkv"
  },
  {
    "FILE NAME": "The Diary of a Teenage Girl 2015 Movie [Hindi + English] WEB-HD 720p",
    "URL": "https://hblinks.pro/archives/70363",
    "EXTENSION": ".mkv"
  },
  {
    "FILE NAME": "The Diary of a Teenage Girl 2015 Movie [Hindi + English] WEB-HD 480p",
    "URL": "https://hblinks.pro/archives/70364",
    "EXTENSION": ".mkv"
  },
  {
    "FILE NAME": "Atomic Apocalypse 2018 Movie [Hindi + English] WEB-HD 720p",
    "URL": "https://hblinks.pro/archives/70367",
    "EXTENSION": ".mkv"
  },
  {
    "FILE NAME": "Atomic Apocalypse 2018 Movie [Hindi + English] WEB-HD 480p",
    "URL": "https://hblinks.pro/archives/70368",
    "EXTENSION": ".mkv"
  },
  {
    "FILE NAME": "Gyeongseong Creature S01-P2 1080p HEVC",
    "URL": "https://hblinks.pro/archives/70371",
    "EXTENSION": ".zip"
  },
  {
    "FILE NAME": "Gyeongseong Creature S01-P2 720p",
    "URL": "https://hblinks.pro/archives/70372",
    "EXTENSION": ".zip"
  },
  {
    "FILE NAME": "Gyeongseong Creature S01-P2 720p HEVC",
    "URL": "https://hblinks.pro/archives/70373",
    "EXTENSION": ".zip"
  },
  {
    "FILE NAME": "What iF S02-E07 Hindi Dub",
    "URL": "https://hblinks.pro/archives/70385",
    "EXTENSION": ".zip"
  },
  {
    "FILE NAME": "Bahubali: The Beginning 2015 1080p",
    "URL": "https://hblinks.pro/archives/70387",
    "EXTENSION": ".mkv"
  },
  {
    "FILE NAME": "Bahubali: The Beginning 2015 1080p 10Bit",
    "URL": "https://hblinks.pro/archives/70388",
    "EXTENSION": ".mkv"
  },
  {
    "FILE NAME": "Bahubali: The Beginning 2015 720p",
    "URL": "https://hblinks.pro/archives/70389",
    "EXTENSION": ".mkv"
  },
  {
    "FILE NAME": "Bahubali: The Beginning 2015 720p 10Bit",
    "URL": "https://hblinks.pro/archives/70390",
    "EXTENSION": ".mkv"
  },
  {
    "FILE NAME": "Bahubali: The Beginning 2015 480p",
    "URL": "https://hblinks.pro/archives/70391",
    "EXTENSION": ".mkv"
  },
  {
    "FILE NAME": "Deep Trap 2015 1080p",
    "URL": "https://hblinks.pro/archives/70398",
    "EXTENSION": ".mkv"
  },
  {
    "FILE NAME": "Deep Trap 2015 720p",
    "URL": "https://hblinks.pro/archives/70399",
    "EXTENSION": ".mkv"
  },
  {
    "FILE NAME": "Deep Trap 2015 720p 10Bit",
    "URL": "https://hblinks.pro/archives/70400",
    "EXTENSION": ".mkv"
  },
  {
    "FILE NAME": "Deep Trap 2015 480p",
    "URL": "https://hblinks.pro/archives/70401",
    "EXTENSION": ".mkv"
  },
  {
    "FILE NAME": "Tiger 3 2023 1080p",
    "URL": "https://hblinks.pro/archives/70406",
    "EXTENSION": ".mkv"
  },
  {
    "FILE NAME": "Tiger 3 2023 1080p HEVC",
    "URL": "https://hblinks.pro/archives/70407",
    "EXTENSION": ".mkv"
  },
  {
    "FILE NAME": "Tiger 3 2023 720p",
    "URL": "https://hblinks.pro/archives/70408",
    "EXTENSION": ".mkv"
  },
  {
    "FILE NAME": "Tiger 3 2023 720p HEVC",
    "URL": "https://hblinks.pro/archives/70409",
    "EXTENSION": ".mkv"
  },
  {
    "FILE NAME": "Tiger 3 2023 720p 10Bit",
    "URL": "https://hblinks.pro/archives/70431",
    "EXTENSION": ".mkv"
  },
  {
    "FILE NAME": "Tiger 3 2023 1080p 10Bit",
    "URL": "https://hblinks.pro/archives/70437",
    "EXTENSION": ".mkv"
  },
  {
    "FILE NAME": "A Savannah Haunting 2021 1080p",
    "URL": "https://hblinks.pro/archives/70439",
    "EXTENSION": ".mkv"
  },
  {
    "FILE NAME": "A Savannah Haunting 2021 1080p 10Bit",
    "URL": "https://hblinks.pro/archives/70440",
    "EXTENSION": ".mkv"
  },
  {
    "FILE NAME": "A Savannah Haunting 2021 720p",
    "URL": "https://hblinks.pro/archives/70441",
    "EXTENSION": ".mkv"
  },
  {
    "FILE NAME": "A Savannah Haunting 2021 720p 10Bit",
    "URL": "https://hblinks.pro/archives/70442",
    "EXTENSION": ".mkv"
  },
  {
    "FILE NAME": "A Savannah Haunting 2021 480p",
    "URL": "https://hblinks.pro/archives/70443",
    "EXTENSION": ".mkv"
  },
  {
    "FILE NAME": "What iF S02-E08 Hindi Dub",
    "URL": "https://hblinks.pro/archives/70449",
    "EXTENSION": ".zip"
  },
  {
    "FILE NAME": "Bahubali 2: The Conclusion 2017 1080p",
    "URL": "https://hblinks.pro/archives/70453",
    "EXTENSION": ".mkv"
  },
  {
    "FILE NAME": "Bahubali 2: The Conclusion 2017 720p",
    "URL": "https://hblinks.pro/archives/70454",
    "EXTENSION": ".mkv"
  },
  {
    "FILE NAME": "Bahubali 2: The Conclusion 2017 480p",
    "URL": "https://hblinks.pro/archives/70455",
    "EXTENSION": ".mkv"
  },
  {
    "FILE NAME": "Bahubali 2 720p 10Bit",
    "URL": "https://hblinks.pro/archives/70461",
    "EXTENSION": ".mkv"
  },
  {
    "FILE NAME": "Bahubali 2 1080p 10Bit",
    "URL": "https://hblinks.pro/archives/70465",
    "EXTENSION": ".mkv"
  },
  {
    "FILE NAME": "Vedalam 2015 UNCUT 1080p",
    "URL": "https://hblinks.pro/archives/70469",
    "EXTENSION": ".mkv"
  },
  {
    "FILE NAME": "Vedalam 2015 UNCUT 1080p 10Bit",
    "URL": "https://hblinks.pro/archives/70470",
    "EXTENSION": ".mkv"
  },
  {
    "FILE NAME": "Vedalam 2015 UNCUT 720p",
    "URL": "https://hblinks.pro/archives/70471",
    "EXTENSION": ".mkv"
  },
  {
    "FILE NAME": "Vedalam 2015 UNCUT 720p 10Bit",
    "URL": "https://hblinks.pro/archives/70472",
    "EXTENSION": ".mkv"
  },
  {
    "FILE NAME": "Vedalam 2015 UNCUT 480p",
    "URL": "https://hblinks.pro/archives/70473",
    "EXTENSION": ".mkv"
  },
  {
    "FILE NAME": "What iF S02-E09 Hindi Dub",
    "URL": "https://hblinks.pro/archives/70479",
    "EXTENSION": ".zip"
  },
  {
    "FILE NAME": "What If…? S02 Hindi Dub 1080p Pack",
    "URL": "https://hblinks.pro/archives/70483",
    "EXTENSION": ".zip"
  },
  {
    "FILE NAME": "What If…? S02 Hindi Dub 720p Pack",
    "URL": "https://hblinks.pro/archives/70484",
    "EXTENSION": ".zip"
  },
  {
    "FILE NAME": "What If…? S02 Hindi Dub 480p Pack",
    "URL": "https://hblinks.pro/archives/70485",
    "EXTENSION": ".zip"
  },
  {
    "FILE NAME": "Napoleon 2023 720p HEVC",
    "URL": "https://hblinks.pro/archives/70489",
    "EXTENSION": ".mkv"
  },
  {
    "FILE NAME": "Napoleon 2023 1080p HEVC",
    "URL": "https://hblinks.pro/archives/70492",
    "EXTENSION": ".mkv"
  },
  {
    "FILE NAME": "Napoleon 2023 720p",
    "URL": "https://hblinks.pro/archives/70494",
    "EXTENSION": ".mkv"
  },
  {
    "FILE NAME": "Talaash 2012 1080p",
    "URL": "https://hblinks.pro/archives/70500",
    "EXTENSION": ".mkv"
  },
  {
    "FILE NAME": "Talaash 2012 720p",
    "URL": "https://hblinks.pro/archives/70501",
    "EXTENSION": ".mkv"
  },
  {
    "FILE NAME": "Talaash 2012 720p HEVC",
    "URL": "https://hblinks.pro/archives/70502",
    "EXTENSION": ".mkv"
  },
  {
    "FILE NAME": "Talaash 2012 480p",
    "URL": "https://hblinks.pro/archives/70503",
    "EXTENSION": ".mkv"
  },
  {
    "FILE NAME": "Napoleon 2023 1080p",
    "URL": "https://hblinks.pro/archives/70508",
    "EXTENSION": ".mkv"
  },
  {
    "FILE NAME": "Napoleon 2023 1080p 10Bit",
    "URL": "https://hblinks.pro/archives/70511",
    "EXTENSION": ".mkv"
  },
  {
    "FILE NAME": "Napoleon 2023 720p 10Bit",
    "URL": "https://hblinks.pro/archives/70512",
    "EXTENSION": ".mkv"
  },
  {
    "FILE NAME": "Rebound 2023 1080p",
    "URL": "https://hblinks.pro/archives/70516",
    "EXTENSION": ".mkv"
  },
  {
    "FILE NAME": "Rebound 2023 720p",
    "URL": "https://hblinks.pro/archives/70517",
    "EXTENSION": ".mkv"
  },
  {
    "FILE NAME": "Rebound 2023 720p 10Bit",
    "URL": "https://hblinks.pro/archives/70518",
    "EXTENSION": ".mkv"
  },
  {
    "FILE NAME": "Rebound 2023 480p",
    "URL": "https://hblinks.pro/archives/70519",
    "EXTENSION": ".mkv"
  },
  {
    "FILE NAME": "Echo S01 480p Pack",
    "URL": "https://hblinks.pro/archives/70524",
    "EXTENSION": ".zip"
  },
  {
    "FILE NAME": "Echo S01 720p Pack",
    "URL": "https://hblinks.pro/archives/70526",
    "EXTENSION": ".zip"
  },
  {
    "FILE NAME": "Echo S01 1080p Pack",
    "URL": "https://hblinks.pro/archives/70528",
    "EXTENSION": ".zip"
  },
  {
    "FILE NAME": "ECHO S01 720p 10Bit",
    "URL": "https://hblinks.pro/archives/70530",
    "EXTENSION": ".zip"
  },
  {
    "FILE NAME": "ECHO S01 4K",
    "URL": "https://hblinks.pro/archives/70535",
    "EXTENSION": ".zip"
  },
  {
    "FILE NAME": "Alienoid 2022 1080p",
    "URL": "https://hblinks.pro/archives/70542",
    "EXTENSION": ".mkv"
  },
  {
    "FILE NAME": "Alienoid 2022 1080p 10Bit",
    "URL": "https://hblinks.pro/archives/70543",
    "EXTENSION": ".mkv"
  },
  {
    "FILE NAME": "Alienoid 2022 720p",
    "URL": "https://hblinks.pro/archives/70544",
    "EXTENSION": ".mkv"
  },
  {
    "FILE NAME": "Alienoid 2022 720p 10Bit",
    "URL": "https://hblinks.pro/archives/70545",
    "EXTENSION": ".mkv"
  },
  {
    "FILE NAME": "Alienoid 2022 480p",
    "URL": "https://hblinks.pro/archives/70546",
    "EXTENSION": ".mkv"
  },
  {
    "FILE NAME": "The House Elf 2019 Movie [Hindi + Russian] WEB-HD 1080p",
    "URL": "https://hblinks.pro/archives/70553",
    "EXTENSION": ".mkv"
  },
  {
    "FILE NAME": "The House Elf 2019 Movie [Hindi + Russian] WEB-HD 480p",
    "URL": "https://hblinks.pro/archives/70554",
    "EXTENSION": ".mkv"
  },
  {
    "FILE NAME": "The House Elf 2019 Movie [Hindi + Russian] WEB-HD 720p",
    "URL": "https://hblinks.pro/archives/70555",
    "EXTENSION": ".mkv"
  },
  {
    "FILE NAME": "Taqdeer Hello 2017 Movie [Hindi] WEB-HD 720p",
    "URL": "https://hblinks.pro/archives/70562",
    "EXTENSION": ".mkv"
  },
  {
    "FILE NAME": "Taqdeer Hello 2017 Movie [Hindi] WEB-HD 1080p",
    "URL": "https://hblinks.pro/archives/70563",
    "EXTENSION": ".mkv"
  },
  {
    "FILE NAME": "Taqdeer Hello 2017 Movie [Hindi] WEB-HD 480p",
    "URL": "https://hblinks.pro/archives/70564",
    "EXTENSION": ".mkv"
  },
  {
    "FILE NAME": "Sagaa 2019 Movie [Hindi] WEB-HD1080p",
    "URL": "https://hblinks.pro/archives/70569",
    "EXTENSION": ".mkv"
  },
  {
    "FILE NAME": "Sagaa 2019 Movie [Hindi] WEB-HD 720p",
    "URL": "https://hblinks.pro/archives/70570",
    "EXTENSION": ".mkv"
  },
  {
    "FILE NAME": "Sagaa 2019 Movie [Hindi] WEB-HD 480p",
    "URL": "https://hblinks.pro/archives/70571",
    "EXTENSION": ".mkv"
  },
  {
    "FILE NAME": "Journey to the East 2019 Movie [Hindi + Chinese] WEB-HD 720p",
    "URL": "https://hblinks.pro/archives/70575",
    "EXTENSION": ".mkv"
  },
  {
    "FILE NAME": "Journey to the East 2019 Movie [Hindi + Chinese] WEB-HD 480p",
    "URL": "https://hblinks.pro/archives/70576",
    "EXTENSION": ".mkv"
  },
  {
    "FILE NAME": "Killer Soup S01 480p",
    "URL": "https://hblinks.pro/archives/70580",
    "EXTENSION": ".zip"
  },
  {
    "FILE NAME": "Killer Soup S01 720p Pack",
    "URL": "https://hblinks.pro/archives/70584",
    "EXTENSION": ".zip"
  },
  {
    "FILE NAME": "The Brothers Grimsby 2016 1080p",
    "URL": "https://hblinks.pro/archives/70589",
    "EXTENSION": ".mkv"
  },
  {
    "FILE NAME": "The Brothers Grimsby 2016 1080p 10Bit",
    "URL": "https://hblinks.pro/archives/70590",
    "EXTENSION": ".mkv"
  },
  {
    "FILE NAME": "The Brothers Grimsby 2016 720p",
    "URL": "https://hblinks.pro/archives/70591",
    "EXTENSION": ".mkv"
  },
  {
    "FILE NAME": "The Brothers Grimsby 2016 720p 10Bit",
    "URL": "https://hblinks.pro/archives/70592",
    "EXTENSION": ".mkv"
  },
  {
    "FILE NAME": "The Brothers Grimsby 2016 480p",
    "URL": "https://hblinks.pro/archives/70593",
    "EXTENSION": ".mkv"
  },
  {
    "FILE NAME": "Body Double 1984 1080p",
    "URL": "https://hblinks.pro/archives/70599",
    "EXTENSION": ".mkv"
  },
  {
    "FILE NAME": "Body Double 1984 1080p 10Bit",
    "URL": "https://hblinks.pro/archives/70600",
    "EXTENSION": ".mkv"
  },
  {
    "FILE NAME": "Body Double 1984 720p",
    "URL": "https://hblinks.pro/archives/70601",
    "EXTENSION": ".mkv"
  },
  {
    "FILE NAME": "Body Double 1984 720p 10Bit",
    "URL": "https://hblinks.pro/archives/70602",
    "EXTENSION": ".mkv"
  },
  {
    "FILE NAME": "Body Double 1984 480p",
    "URL": "https://hblinks.pro/archives/70603",
    "EXTENSION": ".mkv"
  },
  {
    "FILE NAME": "The Legend of Hanuman S03 1080p Pack",
    "URL": "https://hblinks.pro/archives/70619",
    "EXTENSION": ".zip"
  },
  {
    "FILE NAME": "The Legend of Hanuman S03 720p Pack",
    "URL": "https://hblinks.pro/archives/70620",
    "EXTENSION": ".zip"
  },
  {
    "FILE NAME": "The Legend of Hanuman S03 480p Pack",
    "URL": "https://hblinks.pro/archives/70621",
    "EXTENSION": ".zip"
  },
  {
    "FILE NAME": "Role Play 2024 1080p 10Bit",
    "URL": "https://hblinks.pro/archives/70625",
    "EXTENSION": ".mkv"
  },
  {
    "FILE NAME": "Role Play 2024 720p 10Bit",
    "URL": "https://hblinks.pro/archives/70626",
    "EXTENSION": ".mkv"
  },
  {
    "FILE NAME": "Role Play 2024 480p",
    "URL": "https://hblinks.pro/archives/70627",
    "EXTENSION": ".mkv"
  },
  {
    "FILE NAME": "Role Play 2024 720p",
    "URL": "https://hblinks.pro/archives/70631",
    "EXTENSION": ".mkv"
  },
  {
    "FILE NAME": "Role Play 2024 1080p",
    "URL": "https://hblinks.pro/archives/70633",
    "EXTENSION": ".mkv"
  },
  {
    "FILE NAME": "Rebound 2023 1080p 10Bit",
    "URL": "https://hblinks.pro/archives/70635",
    "EXTENSION": ".mkv"
  },
  {
    "FILE NAME": "Merry Christmas 1080p HDCAM",
    "URL": "https://hblinks.pro/archives/70641",
    "EXTENSION": ".mkv"
  },
  {
    "FILE NAME": "Merry Christmas 720p HDCAM",
    "URL": "https://hblinks.pro/archives/70642",
    "EXTENSION": ".mkv"
  },
  {
    "FILE NAME": "Lift 2024 1080p",
    "URL": "https://hblinks.pro/archives/70652",
    "EXTENSION": ".mkv"
  },
  {
    "FILE NAME": "Lift 2024 1080p 10Bit",
    "URL": "https://hblinks.pro/archives/70653",
    "EXTENSION": ".mkv"
  },
  {
    "FILE NAME": "Lift 2024 720p",
    "URL": "https://hblinks.pro/archives/70654",
    "EXTENSION": ".mkv"
  },
  {
    "FILE NAME": "Lift 2024 720p 10Bit",
    "URL": "https://hblinks.pro/archives/70655",
    "EXTENSION": ".mkv"
  },
  {
    "FILE NAME": "Lift 2024 480p",
    "URL": "https://hblinks.pro/archives/70656",
    "EXTENSION": ".mkv"
  },
  {
    "FILE NAME": "Captain MiLLer 2023 720p HDTS",
    "URL": "https://hblinks.pro/archives/70671",
    "EXTENSION": ".mkv"
  },
  {
    "FILE NAME": "Captain MiLLer 2023 1080p HDTS",
    "URL": "https://hblinks.pro/archives/70678",
    "EXTENSION": ".mkv"
  },
  {
    "FILE NAME": "Kick 2014 1080p",
    "URL": "https://hblinks.pro/archives/70683",
    "EXTENSION": ".mkv"
  },
  {
    "FILE NAME": "Kick 2014 1080p 10Bit",
    "URL": "https://hblinks.pro/archives/70684",
    "EXTENSION": ".mkv"
  },
  {
    "FILE NAME": "Kick 2014 720p",
    "URL": "https://hblinks.pro/archives/70685",
    "EXTENSION": ".mkv"
  },
  {
    "FILE NAME": "Kick 2014 720p 10Bit",
    "URL": "https://hblinks.pro/archives/70686",
    "EXTENSION": ".mkv"
  },
  {
    "FILE NAME": "Kick 2014 480p",
    "URL": "https://hblinks.pro/archives/70687",
    "EXTENSION": ".mkv"
  },
  {
    "FILE NAME": "Reign Over Me 2007 1080p",
    "URL": "https://hblinks.pro/archives/70693",
    "EXTENSION": ".mkv"
  },
  {
    "FILE NAME": "Reign Over Me 2007 1080p 10Bit",
    "URL": "https://hblinks.pro/archives/70694",
    "EXTENSION": ".mkv"
  },
  {
    "FILE NAME": "Reign Over Me 2007 720p",
    "URL": "https://hblinks.pro/archives/70695",
    "EXTENSION": ".mkv"
  },
  {
    "FILE NAME": "Reign Over Me 2007 720p 10Bit",
    "URL": "https://hblinks.pro/archives/70696",
    "EXTENSION": ".mkv"
  },
  {
    "FILE NAME": "Reign Over Me 2007 480p",
    "URL": "https://hblinks.pro/archives/70697",
    "EXTENSION": ".mkv"
  },
  {
    "FILE NAME": "Daniel Isn’t Real 2019 1080p",
    "URL": "https://hblinks.pro/archives/70703",
    "EXTENSION": ".mkv"
  },
  {
    "FILE NAME": "Daniel Isn’t Real 2019 1080p 10Bit",
    "URL": "https://hblinks.pro/archives/70704",
    "EXTENSION": ".mkv"
  },
  {
    "FILE NAME": "Daniel Isn’t Real 2019 720p",
    "URL": "https://hblinks.pro/archives/70705",
    "EXTENSION": ".mkv"
  },
  {
    "FILE NAME": "Daniel Isn’t Real 2019 720p 10Bit",
    "URL": "https://hblinks.pro/archives/70706",
    "EXTENSION": ".mkv"
  },
  {
    "FILE NAME": "Daniel Isn’t Real 2019 480p",
    "URL": "https://hblinks.pro/archives/70707",
    "EXTENSION": ".mkv"
  },
  {
    "FILE NAME": "The Invincible Dragon 2019 Movie [Hindi + English] BluRay 720p",
    "URL": "https://hblinks.pro/archives/70718",
    "EXTENSION": ".mkv"
  },
  {
    "FILE NAME": "The Invincible Dragon 2019 Movie [Hindi + English] BluRay 480p",
    "URL": "https://hblinks.pro/archives/70719",
    "EXTENSION": ".mkv"
  },
  {
    "FILE NAME": "The Deep 1977 Movie [Hindi + English] BluRay 720p",
    "URL": "https://hblinks.pro/archives/70722",
    "EXTENSION": ".mkv"
  },
  {
    "FILE NAME": "The Deep 1977 Movie [Hindi + English] BluRay 480p",
    "URL": "https://hblinks.pro/archives/70723",
    "EXTENSION": ".mkv"
  },
  {
    "FILE NAME": "Slapface 2021 Movie [Hindi + English] BluRay 720p",
    "URL": "https://hblinks.pro/archives/70726",
    "EXTENSION": ".mkv"
  },
  {
    "FILE NAME": "Slapface 2021 Movie [Hindi + English] BluRay 480p",
    "URL": "https://hblinks.pro/archives/70727",
    "EXTENSION": ".mkv"
  },
  {
    "FILE NAME": "Fang Shiyu The Winner is King 2021 Movie [Hindi + Chinese] WEB-HD 720p",
    "URL": "https://hblinks.pro/archives/70730",
    "EXTENSION": ".mkv"
  },
  {
    "FILE NAME": "Fang Shiyu The Winner is King 2021 Movie [Hindi + Chinese] WEB-HD 480p",
    "URL": "https://hblinks.pro/archives/70731",
    "EXTENSION": ".mkv"
  },
  {
    "FILE NAME": "True Detective: Night Country S04 1080p Pack",
    "URL": "https://hblinks.pro/archives/70735",
    "EXTENSION": ".zip"
  },
  {
    "FILE NAME": "Deadpool 2016 1080p",
    "URL": "https://hblinks.pro/archives/70740",
    "EXTENSION": ".mkv"
  },
  {
    "FILE NAME": "Deadpool 2016 1080p 10Bit",
    "URL": "https://hblinks.pro/archives/70741",
    "EXTENSION": ".mkv"
  },
  {
    "FILE NAME": "Deadpool 2016 720p",
    "URL": "https://hblinks.pro/archives/70742",
    "EXTENSION": ".mkv"
  },
  {
    "FILE NAME": "Deadpool 2016 720p 10Bit",
    "URL": "https://hblinks.pro/archives/70743",
    "EXTENSION": ".mkv"
  },
  {
    "FILE NAME": "Deadpool 2016 480p",
    "URL": "https://hblinks.pro/archives/70744",
    "EXTENSION": ".mkv"
  },
  {
    "FILE NAME": "Deadpool 2 2018 Super Duper Cut 1080p",
    "URL": "https://hblinks.pro/archives/70750",
    "EXTENSION": ".mkv"
  },
  {
    "FILE NAME": "Deadpool 2 2018 Super Duper Cut 1080p 10Bit",
    "URL": "https://hblinks.pro/archives/70751",
    "EXTENSION": ".mkv"
  },
  {
    "FILE NAME": "Deadpool 2 2018 Super Duper Cut 720p",
    "URL": "https://hblinks.pro/archives/70752",
    "EXTENSION": ".mkv"
  },
  {
    "FILE NAME": "Deadpool 2 2018 Super Duper Cut 720p 10Bit",
    "URL": "https://hblinks.pro/archives/70753",
    "EXTENSION": ".mkv"
  },
  {
    "FILE NAME": "Deadpool 2 2018 Super Duper Cut 480p",
    "URL": "https://hblinks.pro/archives/70754",
    "EXTENSION": ".mkv"
  },
  {
    "FILE NAME": "The Climbers 2019 1080p",
    "URL": "https://hblinks.pro/archives/70760",
    "EXTENSION": ".mkv"
  },
  {
    "FILE NAME": "The Climbers 2019 1080p 10Bit",
    "URL": "https://hblinks.pro/archives/70761",
    "EXTENSION": ".mkv"
  },
  {
    "FILE NAME": "The Climbers 2019 720p",
    "URL": "https://hblinks.pro/archives/70762",
    "EXTENSION": ".mkv"
  },
  {
    "FILE NAME": "The Climbers 2019 720p 10Bit",
    "URL": "https://hblinks.pro/archives/70763",
    "EXTENSION": ".mkv"
  },
  {
    "FILE NAME": "The Climbers 2019 480p",
    "URL": "https://hblinks.pro/archives/70764",
    "EXTENSION": ".mkv"
  },
  {
    "FILE NAME": "Khiladi 786 2012 1080p",
    "URL": "https://hblinks.pro/archives/70770",
    "EXTENSION": ".mkv"
  },
  {
    "FILE NAME": "Khiladi 786 2012 1080p 10Bit",
    "URL": "https://hblinks.pro/archives/70771",
    "EXTENSION": ".mkv"
  },
  {
    "FILE NAME": "Khiladi 786 2012 720p",
    "URL": "https://hblinks.pro/archives/70772",
    "EXTENSION": ".mkv"
  },
  {
    "FILE NAME": "Khiladi 786 2012 720p 10Bit",
    "URL": "https://hblinks.pro/archives/70773",
    "EXTENSION": ".mkv"
  },
  {
    "FILE NAME": "Khiladi 786 2012 480p",
    "URL": "https://hblinks.pro/archives/70774",
    "EXTENSION": ".mkv"
  },
  {
    "FILE NAME": "Hate Story 2012 1080p",
    "URL": "https://hblinks.pro/archives/70782",
    "EXTENSION": ".mkv"
  },
  {
    "FILE NAME": "Hate Story 2012 1080p 10Bit",
    "URL": "https://hblinks.pro/archives/70783",
    "EXTENSION": ".mkv"
  },
  {
    "FILE NAME": "Hate Story 2012 720p",
    "URL": "https://hblinks.pro/archives/70784",
    "EXTENSION": ".mkv"
  },
  {
    "FILE NAME": "Hate Story 2012 720p 10Bit",
    "URL": "https://hblinks.pro/archives/70785",
    "EXTENSION": ".mkv"
  },
  {
    "FILE NAME": "Hate Story 2012 480p",
    "URL": "https://hblinks.pro/archives/70786",
    "EXTENSION": ".mkv"
  },
  {
    "FILE NAME": "Hate Story 2 2014 1080p",
    "URL": "https://hblinks.pro/archives/70792",
    "EXTENSION": ".mkv"
  },
  {
    "FILE NAME": "Hate Story 2 2014 1080p 10Bit",
    "URL": "https://hblinks.pro/archives/70793",
    "EXTENSION": ".mkv"
  },
  {
    "FILE NAME": "Hate Story 2 2014 720p",
    "URL": "https://hblinks.pro/archives/70794",
    "EXTENSION": ".mkv"
  },
  {
    "FILE NAME": "Hate Story 2 2014 720p 10Bit",
    "URL": "https://hblinks.pro/archives/70795",
    "EXTENSION": ".mkv"
  },
  {
    "FILE NAME": "Hate Story 2 2014 480p",
    "URL": "https://hblinks.pro/archives/70796",
    "EXTENSION": ".mkv"
  },
  {
    "FILE NAME": "Hate Story 3 2015 1080p",
    "URL": "https://hblinks.pro/archives/70802",
    "EXTENSION": ".mkv"
  },
  {
    "FILE NAME": "Hate Story 3 2015 1080p 10Bit",
    "URL": "https://hblinks.pro/archives/70803",
    "EXTENSION": ".mkv"
  },
  {
    "FILE NAME": "Hate Story 3 2015 720p",
    "URL": "https://hblinks.pro/archives/70804",
    "EXTENSION": ".mkv"
  },
  {
    "FILE NAME": "Hate Story 3 2015 720p 10Bit",
    "URL": "https://hblinks.pro/archives/70805",
    "EXTENSION": ".mkv"
  },
  {
    "FILE NAME": "Hate Story 3 2015 480p",
    "URL": "https://hblinks.pro/archives/70806",
    "EXTENSION": ".mkv"
  },
  {
    "FILE NAME": "Hate Story 4 2018 1080p",
    "URL": "https://hblinks.pro/archives/70812",
    "EXTENSION": ".mkv"
  },
  {
    "FILE NAME": "Hate Story 4 2018 1080p 10Bit",
    "URL": "https://hblinks.pro/archives/70813",
    "EXTENSION": ".mkv"
  },
  {
    "FILE NAME": "Hate Story 4 2018 720p",
    "URL": "https://hblinks.pro/archives/70814",
    "EXTENSION": ".mkv"
  },
  {
    "FILE NAME": "Hate Story 4 2018 720p 10Bit",
    "URL": "https://hblinks.pro/archives/70815",
    "EXTENSION": ".mkv"
  },
  {
    "FILE NAME": "Hate Story 4 2018 480p",
    "URL": "https://hblinks.pro/archives/70816",
    "EXTENSION": ".mkv"
  },
  {
    "FILE NAME": "Mafia The Game of Survival 2016 Movie [Hindi + English] BluRay 720p",
    "URL": "https://hblinks.pro/archives/70822",
    "EXTENSION": ".mkv"
  },
  {
    "FILE NAME": "Mafia The Game of Survival 2016 Movie [Hindi + English] BluRay 480p",
    "URL": "https://hblinks.pro/archives/70823",
    "EXTENSION": ".mkv"
  },
  {
    "FILE NAME": "Reign Over Me 2007 Movie [Hindi + English] BluRay 720p",
    "URL": "https://hblinks.pro/archives/70827",
    "EXTENSION": ".mkv"
  },
  {
    "FILE NAME": "Reign Over Me 2007 Movie [Hindi + English] BluRay 480p",
    "URL": "https://hblinks.pro/archives/70828",
    "EXTENSION": ".mkv"
  },
  {
    "FILE NAME": "Burning Betrayal 2023 1080p",
    "URL": "https://hblinks.pro/archives/70831",
    "EXTENSION": ".mkv"
  },
  {
    "FILE NAME": "Burning Betrayal 2023 1080p 10Bit",
    "URL": "https://hblinks.pro/archives/70832",
    "EXTENSION": ".mkv"
  },
  {
    "FILE NAME": "Burning Betrayal 2023 720p",
    "URL": "https://hblinks.pro/archives/70833",
    "EXTENSION": ".mkv"
  },
  {
    "FILE NAME": "Burning Betrayal 2023 720p 10Bit",
    "URL": "https://hblinks.pro/archives/70834",
    "EXTENSION": ".mkv"
  },
  {
    "FILE NAME": "Burning Betrayal 2023 480p",
    "URL": "https://hblinks.pro/archives/70835",
    "EXTENSION": ".mkv"
  },
  {
    "FILE NAME": "Ghosted 2023 1080p",
    "URL": "https://hblinks.pro/archives/70841",
    "EXTENSION": ".mkv"
  },
  {
    "FILE NAME": "Ghosted 2023 1080p 10Bit",
    "URL": "https://hblinks.pro/archives/70842",
    "EXTENSION": ".mkv"
  },
  {
    "FILE NAME": "Ghosted 2023 720p",
    "URL": "https://hblinks.pro/archives/70843",
    "EXTENSION": ".mkv"
  },
  {
    "FILE NAME": "Ghosted 2023 720p 10Bit",
    "URL": "https://hblinks.pro/archives/70844",
    "EXTENSION": ".mkv"
  },
  {
    "FILE NAME": "Ghosted 2023 480p",
    "URL": "https://hblinks.pro/archives/70845",
    "EXTENSION": ".mkv"
  },
  {
    "FILE NAME": "Indian Police Force S01 1080p",
    "URL": "https://hblinks.pro/archives/70851",
    "EXTENSION": ".zip"
  },
  {
    "FILE NAME": "Indian Police Force S01 1080p HEVC",
    "URL": "https://hblinks.pro/archives/70852",
    "EXTENSION": ".zip"
  },
  {
    "FILE NAME": "Indian Police Force S01 720p",
    "URL": "https://hblinks.pro/archives/70853",
    "EXTENSION": ".zip"
  },
  {
    "FILE NAME": "Indian Police Force S01 720p HEVC",
    "URL": "https://hblinks.pro/archives/70854",
    "EXTENSION": ".zip"
  },
  {
    "FILE NAME": "Indian Police Force S01 480p",
    "URL": "https://hblinks.pro/archives/70855",
    "EXTENSION": ".zip"
  },
  {
    "FILE NAME": "From the Ashes 2024 1080p",
    "URL": "https://hblinks.pro/archives/70865",
    "EXTENSION": ".mkv"
  },
  {
    "FILE NAME": "From the Ashes 2024 720p",
    "URL": "https://hblinks.pro/archives/70866",
    "EXTENSION": ".mkv"
  },
  {
    "FILE NAME": "From the Ashes 2024 720p 10Bit",
    "URL": "https://hblinks.pro/archives/70867",
    "EXTENSION": ".mkv"
  },
  {
    "FILE NAME": "From the Ashes 2024 480p",
    "URL": "https://hblinks.pro/archives/70868",
    "EXTENSION": ".mkv"
  },
  {
    "FILE NAME": "The Prison 2017 1080p",
    "URL": "https://hblinks.pro/archives/70874",
    "EXTENSION": ".mkv"
  },
  {
    "FILE NAME": "The Prison 2017 1080p 10Bit",
    "URL": "https://hblinks.pro/archives/70875",
    "EXTENSION": ".mkv"
  },
  {
    "FILE NAME": "The Prison 2017 720p",
    "URL": "https://hblinks.pro/archives/70876",
    "EXTENSION": ".mkv"
  },
  {
    "FILE NAME": "The Prison 2017 720p 10Bit",
    "URL": "https://hblinks.pro/archives/70877",
    "EXTENSION": ".mkv"
  },
  {
    "FILE NAME": "The Prison 2017 480p",
    "URL": "https://hblinks.pro/archives/70878",
    "EXTENSION": ".mkv"
  },
  {
    "FILE NAME": "Aquaman and the Lost Kingdom 2023 1080p",
    "URL": "https://hblinks.pro/archives/70884",
    "EXTENSION": ".mkv"
  },
  {
    "FILE NAME": "Aquaman and the Lost Kingdom 2023 720p",
    "URL": "https://hblinks.pro/archives/70885",
    "EXTENSION": ".mkv"
  },
  {
    "FILE NAME": "Aquaman and the Lost Kingdom 2023 480p",
    "URL": "https://hblinks.pro/archives/70887",
    "EXTENSION": ".mkv"
  },
  {
    "FILE NAME": "Starfish 2023 1080p",
    "URL": "https://hblinks.pro/archives/70892",
    "EXTENSION": ".mkv"
  },
  {
    "FILE NAME": "Starfish 2023 720p",
    "URL": "https://hblinks.pro/archives/70893",
    "EXTENSION": ".mkv"
  },
  {
    "FILE NAME": "Starfish 2023 720p 10Bit",
    "URL": "https://hblinks.pro/archives/70894",
    "EXTENSION": ".mkv"
  },
  {
    "FILE NAME": "Starfish 2023 480p",
    "URL": "https://hblinks.pro/archives/70895",
    "EXTENSION": ".mkv"
  },
  {
    "FILE NAME": "The Bequeathed S01 480p Pack",
    "URL": "https://hblinks.pro/archives/70900",
    "EXTENSION": ".zip"
  }
]