[
  {
    "FILE NAME": "The Bequeathed S01 720p Pack",
    "URL": "https://hblinks.pro/archives/70902",
    "EXTENSION": ".zip"
  },
  {
    "FILE NAME": "Hijack S01 720p Pack",
    "URL": "https://hblinks.pro/archives/70904",
    "EXTENSION": ".zip"
  },
  {
    "FILE NAME": "Monarch S01 720p Pack",
    "URL": "https://hblinks.pro/archives/70906",
    "EXTENSION": ".zip"
  },
  {
    "FILE NAME": "Monarch S01 720p 10bit Pack",
    "URL": "https://hblinks.pro/archives/70907",
    "EXTENSION": ".zip"
  },
  {
    "FILE NAME": "Monarch S01 480p Pack",
    "URL": "https://hblinks.pro/archives/70908",
    "EXTENSION": ".zip"
  },
  {
    "FILE NAME": "Hijack S01 1080p 10Bit Pack",
    "URL": "https://hblinks.pro/archives/70917",
    "EXTENSION": ".zip"
  },
  {
    "FILE NAME": "Hijack S01 720p 10Bit Pack",
    "URL": "https://hblinks.pro/archives/70918",
    "EXTENSION": ".zip"
  },
  {
    "FILE NAME": "The Marvels 4K Hindi",
    "URL": "https://hblinks.pro/archives/70923",
    "EXTENSION": ".mkv"
  },
  {
    "FILE NAME": "The Marvels 720p Hindi",
    "URL": "https://hblinks.pro/archives/70924",
    "EXTENSION": ".mkv"
  },
  {
    "FILE NAME": "The Marvels 720p 10bit Hindi",
    "URL": "https://hblinks.pro/archives/70925",
    "EXTENSION": ".mkv"
  },
  {
    "FILE NAME": "The Marvels 1080p 10bit Hindi",
    "URL": "https://hblinks.pro/archives/70926",
    "EXTENSION": ".mkv"
  },
  {
    "FILE NAME": "The Marvels 1080p Hindi",
    "URL": "https://hblinks.pro/archives/70927",
    "EXTENSION": ".mkv"
  },
  {
    "FILE NAME": "The Bequeathed S01 1080p Pack",
    "URL": "https://hblinks.pro/archives/70939",
    "EXTENSION": ".zip"
  },
  {
    "FILE NAME": "Salaar 2023 1080p",
    "URL": "https://hblinks.pro/archives/70941",
    "EXTENSION": ".mkv"
  },
  {
    "FILE NAME": "Salaar 2023 720p",
    "URL": "https://hblinks.pro/archives/70942",
    "EXTENSION": ".mkv"
  },
  {
    "FILE NAME": "Salaar 2023 1080p 10Bit",
    "URL": "https://hblinks.pro/archives/70947",
    "EXTENSION": ".mkv"
  },
  {
    "FILE NAME": "Salaar 2023 480p",
    "URL": "https://hblinks.pro/archives/70950",
    "EXTENSION": ".mkv"
  },
  {
    "FILE NAME": "Salaar 2023 720p 10Bit",
    "URL": "https://hblinks.pro/archives/70953",
    "EXTENSION": ".mkv"
  },
  {
    "FILE NAME": "Hijack S01 480p Pack",
    "URL": "https://hblinks.pro/archives/70957",
    "EXTENSION": ".zip"
  },
  {
    "FILE NAME": "Hijack S01 1080p Pack",
    "URL": "https://hblinks.pro/archives/70959",
    "EXTENSION": ".zip"
  },
  {
    "FILE NAME": "The Communion Girl 2022 1080p",
    "URL": "https://hblinks.pro/archives/70963",
    "EXTENSION": ".mkv"
  },
  {
    "FILE NAME": "The Communion Girl 2022 1080p 10Bit",
    "URL": "https://hblinks.pro/archives/70964",
    "EXTENSION": ".mkv"
  },
  {
    "FILE NAME": "The Communion Girl 2022 720p",
    "URL": "https://hblinks.pro/archives/70965",
    "EXTENSION": ".mkv"
  },
  {
    "FILE NAME": "The Communion Girl 2022 720p 10Bit",
    "URL": "https://hblinks.pro/archives/70966",
    "EXTENSION": ".mkv"
  },
  {
    "FILE NAME": "The Communion Girl 2022 480p",
    "URL": "https://hblinks.pro/archives/70967",
    "EXTENSION": ".mkv"
  },
  {
    "FILE NAME": "Reacher S02 E07",
    "URL": "https://hblinks.pro/archives/70973",
    "EXTENSION": ".zip"
  },
  {
    "FILE NAME": "Reacher S02 E08",
    "URL": "https://hblinks.pro/archives/70975",
    "EXTENSION": ".zip"
  },
  {
    "FILE NAME": "The Kitchen 2023 1080p",
    "URL": "https://hblinks.pro/archives/70977",
    "EXTENSION": ".mkv"
  },
  {
    "FILE NAME": "The Kitchen 2023 1080p 10Bit",
    "URL": "https://hblinks.pro/archives/70978",
    "EXTENSION": ".mkv"
  },
  {
    "FILE NAME": "The Kitchen 2023 720p",
    "URL": "https://hblinks.pro/archives/70979",
    "EXTENSION": ".mkv"
  },
  {
    "FILE NAME": "The Kitchen 2023 720p 10Bit",
    "URL": "https://hblinks.pro/archives/70980",
    "EXTENSION": ".mkv"
  },
  {
    "FILE NAME": "The Kitchen 2023 480p",
    "URL": "https://hblinks.pro/archives/70981",
    "EXTENSION": ".mkv"
  },
  {
    "FILE NAME": "True Detective: Night Country S04 1080p 10Bit Pack",
    "URL": "https://hblinks.pro/archives/70989",
    "EXTENSION": ".zip"
  },
  {
    "FILE NAME": "Neru 2023 1080p Hindi",
    "URL": "https://hblinks.pro/archives/70991",
    "EXTENSION": ".mkv"
  },
  {
    "FILE NAME": "Neru 2023 4K Hindi",
    "URL": "https://hblinks.pro/archives/70992",
    "EXTENSION": ".mkv"
  },
  {
    "FILE NAME": "Neru 2023 720p Hindi",
    "URL": "https://hblinks.pro/archives/70993",
    "EXTENSION": ".mkv"
  },
  {
    "FILE NAME": "Neru 2023 720p-HEVC Hindi",
    "URL": "https://hblinks.pro/archives/70997",
    "EXTENSION": ".mkv"
  },
  {
    "FILE NAME": "Neru 2023 1080p-HEVC Hindi",
    "URL": "https://hblinks.pro/archives/70999",
    "EXTENSION": ".mkv"
  },
  {
    "FILE NAME": "Aquaman and the Lost Kingdom 2023 1080p 10Bit",
    "URL": "https://hblinks.pro/archives/71009",
    "EXTENSION": ".mkv"
  },
  {
    "FILE NAME": "Aquaman and the Lost Kingdom 2023 720p 10Bit",
    "URL": "https://hblinks.pro/archives/71010",
    "EXTENSION": ".mkv"
  },
  {
    "FILE NAME": "Griselda S01 720p Pack",
    "URL": "https://hblinks.pro/archives/71027",
    "EXTENSION": ".zip"
  },
  {
    "FILE NAME": "Griselda S01 480p Pack",
    "URL": "https://hblinks.pro/archives/71028",
    "EXTENSION": ".zip"
  },
  {
    "FILE NAME": "Griselda S01 720p 10Bit Pack",
    "URL": "https://hblinks.pro/archives/71035",
    "EXTENSION": ".zip"
  },
  {
    "FILE NAME": "Griselda S01 1080p Pack",
    "URL": "https://hblinks.pro/archives/71037",
    "EXTENSION": ".zip"
  },
  {
    "FILE NAME": "ANiMAL 2023 720p HD",
    "URL": "https://hblinks.pro/archives/71039",
    "EXTENSION": ".mkv"
  },
  {
    "FILE NAME": "ANiMAL 2023 1080p HD",
    "URL": "https://hblinks.pro/archives/71041",
    "EXTENSION": ".mkv"
  },
  {
    "FILE NAME": "ANiMAL 2023 720p HEVC HD",
    "URL": "https://hblinks.pro/archives/71047",
    "EXTENSION": ".mkv"
  },
  {
    "FILE NAME": "ANiMAL 2023 1080p HEVC HD",
    "URL": "https://hblinks.pro/archives/71049",
    "EXTENSION": ".mkv"
  },
  {
    "FILE NAME": "Sam Bahadur 2023 4K",
    "URL": "https://hblinks.pro/archives/71052",
    "EXTENSION": ".mkv"
  },
  {
    "FILE NAME": "Sam Bahadur 2023 1080p",
    "URL": "https://hblinks.pro/archives/71053",
    "EXTENSION": ".mkv"
  },
  {
    "FILE NAME": "Sam Bahadur 2023 720p",
    "URL": "https://hblinks.pro/archives/71054",
    "EXTENSION": ".mkv"
  },
  {
    "FILE NAME": "Sam Bahadur 2023 720p HEVC",
    "URL": "https://hblinks.pro/archives/71055",
    "EXTENSION": ".mkv"
  },
  {
    "FILE NAME": "Sam Bahadur 2023 480p",
    "URL": "https://hblinks.pro/archives/71056",
    "EXTENSION": ".mkv"
  },
  {
    "FILE NAME": "Karmma Calling S01 1080p Pack",
    "URL": "https://hblinks.pro/archives/71062",
    "EXTENSION": ".zip"
  },
  {
    "FILE NAME": "Karmma Calling S01 720p Pack",
    "URL": "https://hblinks.pro/archives/71063",
    "EXTENSION": ".zip"
  },
  {
    "FILE NAME": "Karmma Calling S01 480p Pack",
    "URL": "https://hblinks.pro/archives/71064",
    "EXTENSION": ".zip"
  },
  {
    "FILE NAME": "Karmma Calling S01 720p 10Bit Pack",
    "URL": "https://hblinks.pro/archives/71068",
    "EXTENSION": ".zip"
  },
  {
    "FILE NAME": "Badland Hunters 2024 1080p",
    "URL": "https://hblinks.pro/archives/71070",
    "EXTENSION": ".mkv"
  },
  {
    "FILE NAME": "Badland Hunters 2024 720p",
    "URL": "https://hblinks.pro/archives/71071",
    "EXTENSION": ".mkv"
  },
  {
    "FILE NAME": "Badland Hunters 2024 480p",
    "URL": "https://hblinks.pro/archives/71072",
    "EXTENSION": ".mkv"
  },
  {
    "FILE NAME": "ANiMAL 2023 1080p 10Bit",
    "URL": "https://hblinks.pro/archives/71076",
    "EXTENSION": ".mkv"
  },
  {
    "FILE NAME": "ANiMAL 2023 720p 10Bit",
    "URL": "https://hblinks.pro/archives/71077",
    "EXTENSION": ".mkv"
  },
  {
    "FILE NAME": "Badland Hunters 2024 1080p 10Bit",
    "URL": "https://hblinks.pro/archives/71080",
    "EXTENSION": ".mkv"
  },
  {
    "FILE NAME": "Badland Hunters 2024 720p 10Bit",
    "URL": "https://hblinks.pro/archives/71081",
    "EXTENSION": ".mkv"
  },
  {
    "FILE NAME": "Raththam 2023 UNCUT 1080p",
    "URL": "https://hblinks.pro/archives/71084",
    "EXTENSION": ".mkv"
  },
  {
    "FILE NAME": "Raththam 2023 UNCUT 720p",
    "URL": "https://hblinks.pro/archives/71085",
    "EXTENSION": ".mkv"
  },
  {
    "FILE NAME": "Raththam 2023 UNCUT 720p 10Bit",
    "URL": "https://hblinks.pro/archives/71086",
    "EXTENSION": ".mkv"
  },
  {
    "FILE NAME": "Raththam 2023 UNCUT 480p",
    "URL": "https://hblinks.pro/archives/71087",
    "EXTENSION": ".mkv"
  },
  {
    "FILE NAME": "Wizards of the North The First Battle 2019 Movie [Hindi + Russian] WEB-HD 1080p",
    "URL": "https://hblinks.pro/archives/71103",
    "EXTENSION": ".mkv"
  },
  {
    "FILE NAME": "Wizards of the North The First Battle 2019 Movie [Hindi + Russian] WEB-HD 720p",
    "URL": "https://hblinks.pro/archives/71104",
    "EXTENSION": ".mkv"
  },
  {
    "FILE NAME": "Wizards of the North The First Battle 2019 Movie [Hindi + Russian] WEB-HD 480p",
    "URL": "https://hblinks.pro/archives/71106",
    "EXTENSION": ".mkv"
  },
  {
    "FILE NAME": "Isle of Dogs 2018 Movie [Hindi + English] BluRay 1080p",
    "URL": "https://hblinks.pro/archives/71110",
    "EXTENSION": ".mkv"
  },
  {
    "FILE NAME": "Isle of Dogs 2018 Movie [Hindi + English] BluRay 720p",
    "URL": "https://hblinks.pro/archives/71111",
    "EXTENSION": ".mkv"
  },
  {
    "FILE NAME": "Isle of Dogs 2018 Movie [Hindi + English] BluRay 480p",
    "URL": "https://hblinks.pro/archives/71112",
    "EXTENSION": ".mkv"
  },
  {
    "FILE NAME": "Deadpool 2016 Movie [Hindi + English] BluRay 1080p",
    "URL": "https://hblinks.pro/archives/71116",
    "EXTENSION": ".mkv"
  },
  {
    "FILE NAME": "Deadpool 2016 Movie [Hindi + English] BluRay 720p",
    "URL": "https://hblinks.pro/archives/71117",
    "EXTENSION": ".mkv"
  },
  {
    "FILE NAME": "Deadpool 2016 Movie [Hindi + English] BluRay 480p",
    "URL": "https://hblinks.pro/archives/71118",
    "EXTENSION": ".mkv"
  },
  {
    "FILE NAME": "Deadpool 2 2018 Movie [Hindi + English] BluRay 1080p",
    "URL": "https://hblinks.pro/archives/71123",
    "EXTENSION": ".mkv"
  },
  {
    "FILE NAME": "Deadpool 2 2018 Movie [Hindi + English] BluRay 720p",
    "URL": "https://hblinks.pro/archives/71124",
    "EXTENSION": ".mkv"
  },
  {
    "FILE NAME": "Deadpool 2 2018 Movie [Hindi + English] BluRay 480p",
    "URL": "https://hblinks.pro/archives/71125",
    "EXTENSION": ".mkv"
  },
  {
    "FILE NAME": "True Detective: Night Country S04 720p Pack",
    "URL": "https://hblinks.pro/archives/71148",
    "EXTENSION": ".zip"
  },
  {
    "FILE NAME": "The Migration 2023 4K",
    "URL": "https://hblinks.pro/archives/71152",
    "EXTENSION": ".mkv"
  },
  {
    "FILE NAME": "The Migration 2023 1080p",
    "URL": "https://hblinks.pro/archives/71153",
    "EXTENSION": ".mkv"
  },
  {
    "FILE NAME": "The Migration 2023 1080p 10Bit",
    "URL": "https://hblinks.pro/archives/71154",
    "EXTENSION": ".mkv"
  },
  {
    "FILE NAME": "The Migration 2023 720p",
    "URL": "https://hblinks.pro/archives/71155",
    "EXTENSION": ".mkv"
  },
  {
    "FILE NAME": "The Migration 2023 720p 10bit",
    "URL": "https://hblinks.pro/archives/71156",
    "EXTENSION": ".mkv"
  },
  {
    "FILE NAME": "The Underdoggs 2024 4K",
    "URL": "https://hblinks.pro/archives/71162",
    "EXTENSION": ".mkv"
  },
  {
    "FILE NAME": "The Underdoggs 2024 1080p",
    "URL": "https://hblinks.pro/archives/71163",
    "EXTENSION": ".mkv"
  },
  {
    "FILE NAME": "The Underdoggs 2024 720p",
    "URL": "https://hblinks.pro/archives/71164",
    "EXTENSION": ".mkv"
  },
  {
    "FILE NAME": "The Underdoggs 2024 720p 10Bit",
    "URL": "https://hblinks.pro/archives/71166",
    "EXTENSION": ".mkv"
  },
  {
    "FILE NAME": "The Underdoggs 2024 1080p 10Bit",
    "URL": "https://hblinks.pro/archives/71177",
    "EXTENSION": ".mkv"
  },
  {
    "FILE NAME": "Fight Club 2023 1080p",
    "URL": "https://hblinks.pro/archives/71179",
    "EXTENSION": ".mkv"
  },
  {
    "FILE NAME": "Fight Club 2023 480p",
    "URL": "https://hblinks.pro/archives/71180",
    "EXTENSION": ".mkv"
  },
  {
    "FILE NAME": "Fight Club 2023 720p 10Bit",
    "URL": "https://hblinks.pro/archives/71181",
    "EXTENSION": ".mkv"
  },
  {
    "FILE NAME": "Fight Club 2023 720p",
    "URL": "https://hblinks.pro/archives/71182",
    "EXTENSION": ".mkv"
  },
  {
    "FILE NAME": "Sixty Minutes 2024 1080p",
    "URL": "https://hblinks.pro/archives/71200",
    "EXTENSION": ".mkv"
  },
  {
    "FILE NAME": "Sixty Minutes 2024 720p",
    "URL": "https://hblinks.pro/archives/71201",
    "EXTENSION": ".mkv"
  },
  {
    "FILE NAME": "Sixty Minutes 2024 720p 10Bit",
    "URL": "https://hblinks.pro/archives/71202",
    "EXTENSION": ".mkv"
  },
  {
    "FILE NAME": "Sixty Minutes 2024 480p",
    "URL": "https://hblinks.pro/archives/71203",
    "EXTENSION": ".mkv"
  },
  {
    "FILE NAME": "The Beekeeper 2024 1080p",
    "URL": "https://hblinks.pro/archives/71208",
    "EXTENSION": ".mkv"
  },
  {
    "FILE NAME": "The Beekeeper 2024 1080p 10Bit",
    "URL": "https://hblinks.pro/archives/71209",
    "EXTENSION": ".mkv"
  },
  {
    "FILE NAME": "The Beekeeper 2024 720p",
    "URL": "https://hblinks.pro/archives/71210",
    "EXTENSION": ".mkv"
  },
  {
    "FILE NAME": "The Beekeeper 2024 720p 10Bit",
    "URL": "https://hblinks.pro/archives/71211",
    "EXTENSION": ".mkv"
  },
  {
    "FILE NAME": "Ace Ventura When Nature Calls 1995 Movie [Hindi + English] BluRay 1080p",
    "URL": "https://hblinks.pro/archives/71218",
    "EXTENSION": ".mkv"
  },
  {
    "FILE NAME": "Ace Ventura When Nature Calls 1995 Movie [Hindi + English] BluRay 720p",
    "URL": "https://hblinks.pro/archives/71219",
    "EXTENSION": ".mkv"
  },
  {
    "FILE NAME": "Ace Ventura When Nature Calls 1995 Movie [Hindi + English] BluRay 480p",
    "URL": "https://hblinks.pro/archives/71220",
    "EXTENSION": ".mkv"
  },
  {
    "FILE NAME": "Ace Ventura Pet Detective 1994 Movie [Hindi + English] BluRay 1080p",
    "URL": "https://hblinks.pro/archives/71224",
    "EXTENSION": ".mkv"
  },
  {
    "FILE NAME": "Ace Ventura Pet Detective 1994 Movie [Hindi + English] BluRay 720p",
    "URL": "https://hblinks.pro/archives/71225",
    "EXTENSION": ".mkv"
  },
  {
    "FILE NAME": "Ace Ventura Pet Detective 1994 Movie [Hindi + English] BluRay 480p",
    "URL": "https://hblinks.pro/archives/71226",
    "EXTENSION": ".mkv"
  },
  {
    "FILE NAME": "Abominable 2020 Movie [Hindi + English] WEB-HD 720p",
    "URL": "https://hblinks.pro/archives/71230",
    "EXTENSION": ".mkv"
  },
  {
    "FILE NAME": "Abominable 2020 Movie [Hindi + English] WEB-HD 480p",
    "URL": "https://hblinks.pro/archives/71232",
    "EXTENSION": ".mkv"
  },
  {
    "FILE NAME": "The Beast Below 2022 Movie [Hindi + Thai] WEB-HD 720p",
    "URL": "https://hblinks.pro/archives/71235",
    "EXTENSION": ".mkv"
  },
  {
    "FILE NAME": "The Beast Below 2022 Movie [Hindi + Thai] WEB-HD 480p",
    "URL": "https://hblinks.pro/archives/71236",
    "EXTENSION": ".mkv"
  },
  {
    "FILE NAME": "WILL 2023 1080p",
    "URL": "https://hblinks.pro/archives/71239",
    "EXTENSION": ".mkv"
  },
  {
    "FILE NAME": "WILL 2023 720p",
    "URL": "https://hblinks.pro/archives/71240",
    "EXTENSION": ".mkv"
  },
  {
    "FILE NAME": "WILL 2023 480p",
    "URL": "https://hblinks.pro/archives/71241",
    "EXTENSION": ".mkv"
  },
  {
    "FILE NAME": "WILL 2023 1080p 10Bit",
    "URL": "https://hblinks.pro/archives/71248",
    "EXTENSION": ".mkv"
  },
  {
    "FILE NAME": "WILL 2023 720p 10Bit",
    "URL": "https://hblinks.pro/archives/71249",
    "EXTENSION": ".mkv"
  },
  {
    "FILE NAME": "The Piper 2023 1080p",
    "URL": "https://hblinks.pro/archives/71252",
    "EXTENSION": ".mkv"
  },
  {
    "FILE NAME": "The Piper 2023 1080p 10Bit",
    "URL": "https://hblinks.pro/archives/71253",
    "EXTENSION": ".mkv"
  },
  {
    "FILE NAME": "The Piper 2023 720p",
    "URL": "https://hblinks.pro/archives/71254",
    "EXTENSION": ".mkv"
  },
  {
    "FILE NAME": "The Piper 2023 720p 10Bit",
    "URL": "https://hblinks.pro/archives/71255",
    "EXTENSION": ".mkv"
  },
  {
    "FILE NAME": "The Piper 2023 480p",
    "URL": "https://hblinks.pro/archives/71256",
    "EXTENSION": ".mkv"
  },
  {
    "FILE NAME": "One Ranger 2023 1080p",
    "URL": "https://hblinks.pro/archives/71262",
    "EXTENSION": ".mkv"
  },
  {
    "FILE NAME": "One Ranger 2023 1080p 10Bit",
    "URL": "https://hblinks.pro/archives/71263",
    "EXTENSION": ".mkv"
  },
  {
    "FILE NAME": "One Ranger 2023 720p",
    "URL": "https://hblinks.pro/archives/71264",
    "EXTENSION": ".mkv"
  },
  {
    "FILE NAME": "One Ranger 2023 720p 10Bit",
    "URL": "https://hblinks.pro/archives/71265",
    "EXTENSION": ".mkv"
  },
  {
    "FILE NAME": "One Ranger 2023 480p",
    "URL": "https://hblinks.pro/archives/71266",
    "EXTENSION": ".mkv"
  },
  {
    "FILE NAME": "Zehan 2024 1080p",
    "URL": "https://hblinks.pro/archives/71272",
    "EXTENSION": ".mkv"
  },
  {
    "FILE NAME": "Zehan 2024 720p",
    "URL": "https://hblinks.pro/archives/71273",
    "EXTENSION": ".mkv"
  },
  {
    "FILE NAME": "Fateful Love The Hunt for U 864 2011 Movie [Hindi + English] BluRay 720p",
    "URL": "https://hblinks.pro/archives/71278",
    "EXTENSION": ".mkv"
  },
  {
    "FILE NAME": "Fateful Love The Hunt for U 864 2011 Movie [Hindi + English] BluRay 480p",
    "URL": "https://hblinks.pro/archives/71279",
    "EXTENSION": ".mkv"
  },
  {
    "FILE NAME": "Futuresport 1998 Movie [Hindi + English] BluRay 720p",
    "URL": "https://hblinks.pro/archives/71284",
    "EXTENSION": ".mkv"
  },
  {
    "FILE NAME": "Futuresport 1998 Movie [Hindi + English] BluRay 480p",
    "URL": "https://hblinks.pro/archives/71285",
    "EXTENSION": ".mkv"
  },
  {
    "FILE NAME": "Triple Frontier 2019 Movie [Hindi + English] WEB-HD 720p",
    "URL": "https://hblinks.pro/archives/71288",
    "EXTENSION": ".mkv"
  },
  {
    "FILE NAME": "Triple Frontier 2019 Movie [Hindi + English] WEB-HD 480p",
    "URL": "https://hblinks.pro/archives/71289",
    "EXTENSION": ".mkv"
  },
  {
    "FILE NAME": "Mr/Mrs Smith 1080p",
    "URL": "https://hblinks.pro/archives/71299",
    "EXTENSION": ".mkv"
  },
  {
    "FILE NAME": "Mr/Mrs Smith 1080p 10Bit",
    "URL": "https://hblinks.pro/archives/71300",
    "EXTENSION": ".mkv"
  },
  {
    "FILE NAME": "Mr/Mrs Smith 720p",
    "URL": "https://hblinks.pro/archives/71301",
    "EXTENSION": ".mkv"
  },
  {
    "FILE NAME": "Mr/Mrs Smith 720p 10Bit",
    "URL": "https://hblinks.pro/archives/71302",
    "EXTENSION": ".mkv"
  },
  {
    "FILE NAME": "Mr/Mrs Smith 480p",
    "URL": "https://hblinks.pro/archives/71303",
    "EXTENSION": ".mkv"
  },
  {
    "FILE NAME": "Calling Sahasra 2023 1080p",
    "URL": "https://hblinks.pro/archives/71311",
    "EXTENSION": ".mkv"
  },
  {
    "FILE NAME": "Calling Sahasra 2023 720p",
    "URL": "https://hblinks.pro/archives/71312",
    "EXTENSION": ".mkv"
  },
  {
    "FILE NAME": "Calling Sahasra 2023 720p HEVC",
    "URL": "https://hblinks.pro/archives/71313",
    "EXTENSION": ".mkv"
  },
  {
    "FILE NAME": "Joram 2023 1080p",
    "URL": "https://hblinks.pro/archives/71317",
    "EXTENSION": ".mkv"
  },
  {
    "FILE NAME": "Joram 2023 720p",
    "URL": "https://hblinks.pro/archives/71318",
    "EXTENSION": ".mkv"
  },
  {
    "FILE NAME": "Joram 2023 HEVC",
    "URL": "https://hblinks.pro/archives/71319",
    "EXTENSION": ".mkv"
  },
  {
    "FILE NAME": "True Detective: Night Country S04 720p 10Bit Pack",
    "URL": "https://hblinks.pro/archives/71343",
    "EXTENSION": ".zip"
  },
  {
    "FILE NAME": "Night Swim 2024 1080p",
    "URL": "https://hblinks.pro/archives/71348",
    "EXTENSION": ".mkv"
  },
  {
    "FILE NAME": "Night Swim 2024 1080p 10Bit",
    "URL": "https://hblinks.pro/archives/71349",
    "EXTENSION": ".mkv"
  },
  {
    "FILE NAME": "Night Swim 2024 720p",
    "URL": "https://hblinks.pro/archives/71350",
    "EXTENSION": ".mkv"
  },
  {
    "FILE NAME": "Night Swim 2024 720p 10Bit",
    "URL": "https://hblinks.pro/archives/71351",
    "EXTENSION": ".mkv"
  },
  {
    "FILE NAME": "The Book Of Clarence 2023 1080p",
    "URL": "https://hblinks.pro/archives/71357",
    "EXTENSION": ".mkv"
  },
  {
    "FILE NAME": "The Book Of Clarence 2023 720p",
    "URL": "https://hblinks.pro/archives/71358",
    "EXTENSION": ".mkv"
  },
  {
    "FILE NAME": "The Book Of Clarence 2023 720p 10Bit",
    "URL": "https://hblinks.pro/archives/71359",
    "EXTENSION": ".mkv"
  },
  {
    "FILE NAME": "The Book Of Clarence 2023 1080p 10Bit",
    "URL": "https://hblinks.pro/archives/71363",
    "EXTENSION": ".mkv"
  },
  {
    "FILE NAME": "Lantrani 2024 4K SDR",
    "URL": "https://hblinks.pro/archives/71366",
    "EXTENSION": ".mkv"
  },
  {
    "FILE NAME": "Lantrani 2024 1080p",
    "URL": "https://hblinks.pro/archives/71367",
    "EXTENSION": ".mkv"
  },
  {
    "FILE NAME": "Lantrani 2024 720p",
    "URL": "https://hblinks.pro/archives/71368",
    "EXTENSION": ".mkv"
  },
  {
    "FILE NAME": "Lantrani 2024 480p",
    "URL": "https://hblinks.pro/archives/71369",
    "EXTENSION": ".mkv"
  },
  {
    "FILE NAME": "Captain Miller 2024 HQ 1080p",
    "URL": "https://hblinks.pro/archives/71374",
    "EXTENSION": ".mkv"
  },
  {
    "FILE NAME": "Captain Miller 2024 1080p",
    "URL": "https://hblinks.pro/archives/71375",
    "EXTENSION": ".mkv"
  },
  {
    "FILE NAME": "Captain Miller 2024 720p",
    "URL": "https://hblinks.pro/archives/71376",
    "EXTENSION": ".mkv"
  },
  {
    "FILE NAME": "Captain Miller 2024 HEVC",
    "URL": "https://hblinks.pro/archives/71377",
    "EXTENSION": ".mkv"
  },
  {
    "FILE NAME": "Upgraded 2024 1080p",
    "URL": "https://hblinks.pro/archives/71382",
    "EXTENSION": ".mkv"
  },
  {
    "FILE NAME": "Upgraded 2024 720p",
    "URL": "https://hblinks.pro/archives/71383",
    "EXTENSION": ".mkv"
  },
  {
    "FILE NAME": "Upgraded 2024 480p",
    "URL": "https://hblinks.pro/archives/71384",
    "EXTENSION": ".mkv"
  },
  {
    "FILE NAME": "Upgraded 2024 1080p 10Bit",
    "URL": "https://hblinks.pro/archives/71389",
    "EXTENSION": ".mkv"
  },
  {
    "FILE NAME": "Upgraded 2024 720p 10Bit",
    "URL": "https://hblinks.pro/archives/71390",
    "EXTENSION": ".mkv"
  }
]