[
  {
    "FILE NAME": "House of the Dragon S02-E07",
    "URL": "https://hblinks.pro/archives/76427",
    "EXTENSION": ".zip"
  },
  {
    "FILE NAME": "A Quiet Place: Day One 2024 1080p",
    "URL": "https://hblinks.pro/archives/76429",
    "EXTENSION": ".mkv"
  },
  {
    "FILE NAME": "A Quiet Place: Day One 2024 1080p 10Bit",
    "URL": "https://hblinks.pro/archives/76430",
    "EXTENSION": ".mkv"
  },
  {
    "FILE NAME": "A Quiet Place: Day One 2024 720p",
    "URL": "https://hblinks.pro/archives/76431",
    "EXTENSION": ".mkv"
  },
  {
    "FILE NAME": "A Quiet Place: Day One 2024 720p 10Bit",
    "URL": "https://hblinks.pro/archives/76432",
    "EXTENSION": ".mkv"
  },
  {
    "FILE NAME": "Bad Cop S01-E08",
    "URL": "https://hblinks.pro/archives/76441",
    "EXTENSION": ".zip"
  },
  {
    "FILE NAME": "Bad Cop S01 1080p Pack",
    "URL": "https://hblinks.pro/archives/76444",
    "EXTENSION": ".zip"
  },
  {
    "FILE NAME": "Bad Cop S01 720p Pack",
    "URL": "https://hblinks.pro/archives/76445",
    "EXTENSION": ".zip"
  },
  {
    "FILE NAME": "Bad Cop S01 480p Pack",
    "URL": "https://hblinks.pro/archives/76446",
    "EXTENSION": ".zip"
  },
  {
    "FILE NAME": "Bad Cop S01 4K",
    "URL": "https://hblinks.pro/archives/76447",
    "EXTENSION": ".zip"
  },
  {
    "FILE NAME": "Sleeping Dogs 2024 1080p",
    "URL": "https://hblinks.pro/archives/76453",
    "EXTENSION": ".mkv"
  },
  {
    "FILE NAME": "Sleeping Dogs 2024 1080p 10Bit",
    "URL": "https://hblinks.pro/archives/76454",
    "EXTENSION": ".mkv"
  },
  {
    "FILE NAME": "Sleeping Dogs 2024 720p",
    "URL": "https://hblinks.pro/archives/76455",
    "EXTENSION": ".mkv"
  },
  {
    "FILE NAME": "Sleeping Dogs 2024 720p 10Bit",
    "URL": "https://hblinks.pro/archives/76456",
    "EXTENSION": ".mkv"
  },
  {
    "FILE NAME": "Kingdom of The Planet of The Apes 1080p Hindi",
    "URL": "https://hblinks.pro/archives/76462",
    "EXTENSION": ".mkv"
  },
  {
    "FILE NAME": "Kingdom of The Planet of The Apes 1080p-10Bit Hindi",
    "URL": "https://hblinks.pro/archives/76463",
    "EXTENSION": ".mkv"
  },
  {
    "FILE NAME": "Kingdom of The Planet of The Apes 720p Hindi",
    "URL": "https://hblinks.pro/archives/76464",
    "EXTENSION": ".mkv"
  },
  {
    "FILE NAME": "Kingdom of The Planet of The Apes 720p-10Bit Hindi",
    "URL": "https://hblinks.pro/archives/76465",
    "EXTENSION": ".mkv"
  },
  {
    "FILE NAME": "Suicide Squad 2016 THEATRICAL 1080p",
    "URL": "https://hblinks.pro/archives/76474",
    "EXTENSION": ".mkv"
  },
  {
    "FILE NAME": "Suicide Squad 2016 THEATRICAL 1080p 10Bit",
    "URL": "https://hblinks.pro/archives/76475",
    "EXTENSION": ".mkv"
  },
  {
    "FILE NAME": "Suicide Squad 2016 THEATRICAL 720p",
    "URL": "https://hblinks.pro/archives/76476",
    "EXTENSION": ".mkv"
  },
  {
    "FILE NAME": "Suicide Squad 2016 THEATRICAL 720p 10Bit",
    "URL": "https://hblinks.pro/archives/76477",
    "EXTENSION": ".mkv"
  },
  {
    "FILE NAME": "Rebel.Moon-1.DC 1080p",
    "URL": "https://hblinks.pro/archives/76482",
    "EXTENSION": ".mkv"
  },
  {
    "FILE NAME": "Rebel.Moon-1.DC 720p",
    "URL": "https://hblinks.pro/archives/76483",
    "EXTENSION": ".mkv"
  },
  {
    "FILE NAME": "ULAJH 2024 1080p",
    "URL": "https://hblinks.pro/archives/76487",
    "EXTENSION": ".mkv"
  },
  {
    "FILE NAME": "ULAJH 2024 720p",
    "URL": "https://hblinks.pro/archives/76488",
    "EXTENSION": ".mkv"
  },
  {
    "FILE NAME": "ULAJH 2024 720pHEVC",
    "URL": "https://hblinks.pro/archives/76489",
    "EXTENSION": ".mkv"
  },
  {
    "FILE NAME": "Suicide Squad 2016 EXTENDED 1080p",
    "URL": "https://hblinks.pro/archives/76493",
    "EXTENSION": ".mkv"
  },
  {
    "FILE NAME": "Suicide Squad 2016 EXTENDED 1080p 10Bit",
    "URL": "https://hblinks.pro/archives/76494",
    "EXTENSION": ".mkv"
  },
  {
    "FILE NAME": "Suicide Squad 2016 EXTENDED 720p",
    "URL": "https://hblinks.pro/archives/76495",
    "EXTENSION": ".mkv"
  },
  {
    "FILE NAME": "Suicide Squad 2016 EXTENDED 720p 10Bit",
    "URL": "https://hblinks.pro/archives/76496",
    "EXTENSION": ".mkv"
  },
  {
    "FILE NAME": "Rebel.Moon-1.DC 1080p-10Bit.HEVC",
    "URL": "https://hblinks.pro/archives/76501",
    "EXTENSION": ".mkv"
  },
  {
    "FILE NAME": "Rebel.Moon-1.DC 720p-10Bit.HEVC",
    "URL": "https://hblinks.pro/archives/76502",
    "EXTENSION": ".mkv"
  },
  {
    "FILE NAME": "Rebel Moon  Part Two 1080p DC",
    "URL": "https://hblinks.pro/archives/76505",
    "EXTENSION": ".mkv"
  },
  {
    "FILE NAME": "Rebel Moon  Part Two 720p.10Bit DC",
    "URL": "https://hblinks.pro/archives/76506",
    "EXTENSION": ".mkv"
  },
  {
    "FILE NAME": "Rebel Moon  Part Two 1080p.10Bit DC",
    "URL": "https://hblinks.pro/archives/76507",
    "EXTENSION": ".mkv"
  },
  {
    "FILE NAME": "Rebel Moon  Part Two 720p DC",
    "URL": "https://hblinks.pro/archives/76508",
    "EXTENSION": ".mkv"
  },
  {
    "FILE NAME": "Agent 2023 1080p SDTV",
    "URL": "https://hblinks.pro/archives/76519",
    "EXTENSION": ".mkv"
  },
  {
    "FILE NAME": "Agent 2023 HQ 720p SDTV",
    "URL": "https://hblinks.pro/archives/76520",
    "EXTENSION": ".mkv"
  },
  {
    "FILE NAME": "Agent 2023 720p SDTV",
    "URL": "https://hblinks.pro/archives/76521",
    "EXTENSION": ".mkv"
  },
  {
    "FILE NAME": "Bad Guys Always Die 2015 1080p",
    "URL": "https://hblinks.pro/archives/76528",
    "EXTENSION": ".mkv"
  },
  {
    "FILE NAME": "Bad Guys Always Die 2015 1080p 10Bit",
    "URL": "https://hblinks.pro/archives/76529",
    "EXTENSION": ".mkv"
  },
  {
    "FILE NAME": "Bad Guys Always Die 2015 720p",
    "URL": "https://hblinks.pro/archives/76530",
    "EXTENSION": ".mkv"
  },
  {
    "FILE NAME": "Bad Guys Always Die 2015 720p 10Bit",
    "URL": "https://hblinks.pro/archives/76531",
    "EXTENSION": ".mkv"
  },
  {
    "FILE NAME": "House of the Dragon S02-E08",
    "URL": "https://hblinks.pro/archives/76536",
    "EXTENSION": ".zip"
  },
  {
    "FILE NAME": "House of the Dragon S02 1080p 10Bit Pack",
    "URL": "https://hblinks.pro/archives/76539",
    "EXTENSION": ".zip"
  },
  {
    "FILE NAME": "House of the Dragon S02 720p Pack",
    "URL": "https://hblinks.pro/archives/76540",
    "EXTENSION": ".zip"
  },
  {
    "FILE NAME": "House of the Dragon S02 720p 10Bit Pack",
    "URL": "https://hblinks.pro/archives/76541",
    "EXTENSION": ".zip"
  },
  {
    "FILE NAME": "House of the Dragon S02 480p Pack",
    "URL": "https://hblinks.pro/archives/76542",
    "EXTENSION": ".zip"
  },
  {
    "FILE NAME": "House of the Dragon S02 4K",
    "URL": "https://hblinks.pro/archives/76547",
    "EXTENSION": ".zip"
  },
  {
    "FILE NAME": "The Hunger Games: The Ballad of Songbirds & Snakes 2023 1080p",
    "URL": "https://hblinks.pro/archives/76549",
    "EXTENSION": ".mkv"
  },
  {
    "FILE NAME": "The Hunger Games: The Ballad of Songbirds & Snakes 2023 1080p 10Bit",
    "URL": "https://hblinks.pro/archives/76550",
    "EXTENSION": ".mkv"
  },
  {
    "FILE NAME": "The Hunger Games: The Ballad of Songbirds & Snakes 2023 720p",
    "URL": "https://hblinks.pro/archives/76551",
    "EXTENSION": ".mkv"
  },
  {
    "FILE NAME": "The Hunger Games: The Ballad of Songbirds & Snakes 2023 720p 10Bit",
    "URL": "https://hblinks.pro/archives/76552",
    "EXTENSION": ".mkv"
  },
  {
    "FILE NAME": "The Hunger Games: The Ballad of Songbirds & Snakes 2023 480p",
    "URL": "https://hblinks.pro/archives/76553",
    "EXTENSION": ".mkv"
  },
  {
    "FILE NAME": "One Fast Movie 1080p",
    "URL": "https://hblinks.pro/archives/76571",
    "EXTENSION": ".mkv"
  },
  {
    "FILE NAME": "One Fast Movie 1080pHEVC",
    "URL": "https://hblinks.pro/archives/76572",
    "EXTENSION": ".mkv"
  },
  {
    "FILE NAME": "One Fast Movie 720p",
    "URL": "https://hblinks.pro/archives/76573",
    "EXTENSION": ".mkv"
  },
  {
    "FILE NAME": "One Fast Movie 720pHEVC",
    "URL": "https://hblinks.pro/archives/76574",
    "EXTENSION": ".mkv"
  },
  {
    "FILE NAME": "Lisa Frankenstein 2024 1080p",
    "URL": "https://hblinks.pro/archives/76579",
    "EXTENSION": ".mkv"
  },
  {
    "FILE NAME": "Lisa Frankenstein 2024 1080p 10Bit",
    "URL": "https://hblinks.pro/archives/76580",
    "EXTENSION": ".mkv"
  },
  {
    "FILE NAME": "Lisa Frankenstein 2024 720p",
    "URL": "https://hblinks.pro/archives/76581",
    "EXTENSION": ".mkv"
  },
  {
    "FILE NAME": "Lisa Frankenstein 2024 720p 10Bit",
    "URL": "https://hblinks.pro/archives/76582",
    "EXTENSION": ".mkv"
  },
  {
    "FILE NAME": "Umbrella Academy S04 1080p",
    "URL": "https://hblinks.pro/archives/76588",
    "EXTENSION": ".zip"
  },
  {
    "FILE NAME": "Umbrella Academy S04 1080p 10Bit-HEVC",
    "URL": "https://hblinks.pro/archives/76589",
    "EXTENSION": ".zip"
  },
  {
    "FILE NAME": "Umbrella Academy S04 720p",
    "URL": "https://hblinks.pro/archives/76590",
    "EXTENSION": ".zip"
  },
  {
    "FILE NAME": "Umbrella Academy S04 720p 10Bit-HEVC",
    "URL": "https://hblinks.pro/archives/76591",
    "EXTENSION": ".zip"
  },
  {
    "FILE NAME": "Umbrella Academy S04 480p",
    "URL": "https://hblinks.pro/archives/76592",
    "EXTENSION": ".zip"
  },
  {
    "FILE NAME": "Turbo 2024 720p",
    "URL": "https://hblinks.pro/archives/76604",
    "EXTENSION": ".mkv"
  },
  {
    "FILE NAME": "Turbo 2024 1080p",
    "URL": "https://hblinks.pro/archives/76606",
    "EXTENSION": ".mkv"
  },
  {
    "FILE NAME": "Turbo 2024 720pHEVC",
    "URL": "https://hblinks.pro/archives/76608",
    "EXTENSION": ".mkv"
  },
  {
    "FILE NAME": "Turbo 2024 1080pHEVC",
    "URL": "https://hblinks.pro/archives/76610",
    "EXTENSION": ".mkv"
  },
  {
    "FILE NAME": "Turbo 2024 720p-10Bit.HEVC",
    "URL": "https://hblinks.pro/archives/76612",
    "EXTENSION": ".mkv"
  },
  {
    "FILE NAME": "Turbo 2024 1080p-10Bit.HEVC",
    "URL": "https://hblinks.pro/archives/76614",
    "EXTENSION": ".mkv"
  },
  {
    "FILE NAME": "Haseen Dillruba 2021 1080p",
    "URL": "https://hblinks.pro/archives/76617",
    "EXTENSION": ".mkv"
  },
  {
    "FILE NAME": "Haseen Dillruba 2021 1080p 10Bit",
    "URL": "https://hblinks.pro/archives/76618",
    "EXTENSION": ".mkv"
  },
  {
    "FILE NAME": "Haseen Dillruba 2021 720p",
    "URL": "https://hblinks.pro/archives/76619",
    "EXTENSION": ".mkv"
  },
  {
    "FILE NAME": "Haseen Dillruba 2021 720p 10Bit",
    "URL": "https://hblinks.pro/archives/76620",
    "EXTENSION": ".mkv"
  },
  {
    "FILE NAME": "Hasseen Dillruba-2 720p",
    "URL": "https://hblinks.pro/archives/76634",
    "EXTENSION": ".mkv"
  },
  {
    "FILE NAME": "Hasseen Dillruba-2 1080p",
    "URL": "https://hblinks.pro/archives/76635",
    "EXTENSION": ".mkv"
  },
  {
    "FILE NAME": "Ghudchadi 2024 1080p",
    "URL": "https://hblinks.pro/archives/76637",
    "EXTENSION": ".mkv"
  },
  {
    "FILE NAME": "Ghudchadi 2024 720p",
    "URL": "https://hblinks.pro/archives/76638",
    "EXTENSION": ".mkv"
  },
  {
    "FILE NAME": "Ghudchadi 2024 720p HEVC",
    "URL": "https://hblinks.pro/archives/76639",
    "EXTENSION": ".mkv"
  },
  {
    "FILE NAME": "Dillruba-2 720p.HEVC",
    "URL": "https://hblinks.pro/archives/76645",
    "EXTENSION": ".mkv"
  },
  {
    "FILE NAME": "Gyaarah Gyaarah S01 1080p Pack",
    "URL": "https://hblinks.pro/archives/76647",
    "EXTENSION": ".zip"
  },
  {
    "FILE NAME": "Gyaarah Gyaarah S01 720p Pack",
    "URL": "https://hblinks.pro/archives/76648",
    "EXTENSION": ".zip"
  },
  {
    "FILE NAME": "Gyaarah Gyaarah S01 480p Pack",
    "URL": "https://hblinks.pro/archives/76649",
    "EXTENSION": ".zip"
  },
  {
    "FILE NAME": "Dillruba-2 1080p.HEVC",
    "URL": "https://hblinks.pro/archives/76653",
    "EXTENSION": ".mkv"
  },
  {
    "FILE NAME": "DogMan 2023 1080p",
    "URL": "https://hblinks.pro/archives/76660",
    "EXTENSION": ".mkv"
  },
  {
    "FILE NAME": "DogMan 2023 1080p 10Bit",
    "URL": "https://hblinks.pro/archives/76661",
    "EXTENSION": ".mkv"
  },
  {
    "FILE NAME": "DogMan 2023 720p",
    "URL": "https://hblinks.pro/archives/76662",
    "EXTENSION": ".mkv"
  },
  {
    "FILE NAME": "DogMan 2023 720p 10Bit",
    "URL": "https://hblinks.pro/archives/76663",
    "EXTENSION": ".mkv"
  },
  {
    "FILE NAME": "MangalaVaaram 2023 1080p",
    "URL": "https://hblinks.pro/archives/76668",
    "EXTENSION": ".mkv"
  },
  {
    "FILE NAME": "MangalaVaaram 2023 1080p-10Bit.HEVC",
    "URL": "https://hblinks.pro/archives/76669",
    "EXTENSION": ".mkv"
  },
  {
    "FILE NAME": "MangalaVaaram 2023 1080pHEVC",
    "URL": "https://hblinks.pro/archives/76670",
    "EXTENSION": ".mkv"
  },
  {
    "FILE NAME": "MangalaVaaram 2023 720p",
    "URL": "https://hblinks.pro/archives/76671",
    "EXTENSION": ".mkv"
  },
  {
    "FILE NAME": "MangalaVaaram 2023 720p-10Bit.HEVC",
    "URL": "https://hblinks.pro/archives/76672",
    "EXTENSION": ".mkv"
  },
  {
    "FILE NAME": "MangalaVaaram 2023 720pHEVC",
    "URL": "https://hblinks.pro/archives/76673",
    "EXTENSION": ".mkv"
  },
  {
    "FILE NAME": "Life Hill Gayi S01 1080p Pack",
    "URL": "https://hblinks.pro/archives/76687",
    "EXTENSION": ".zip"
  },
  {
    "FILE NAME": "Life Hill Gayi S01 720p Pack",
    "URL": "https://hblinks.pro/archives/76688",
    "EXTENSION": ".zip"
  },
  {
    "FILE NAME": "Life Hill Gayi S01 480p Pack",
    "URL": "https://hblinks.pro/archives/76689",
    "EXTENSION": ".zip"
  },
  {
    "FILE NAME": "Simulant 2023 1080p",
    "URL": "https://hblinks.pro/archives/76698",
    "EXTENSION": ".mkv"
  },
  {
    "FILE NAME": "Simulant 2023 1080p 10Bit",
    "URL": "https://hblinks.pro/archives/76699",
    "EXTENSION": ".mkv"
  },
  {
    "FILE NAME": "Simulant 2023 720p",
    "URL": "https://hblinks.pro/archives/76700",
    "EXTENSION": ".mkv"
  },
  {
    "FILE NAME": "Simulant 2023 720p 10Bit",
    "URL": "https://hblinks.pro/archives/76701",
    "EXTENSION": ".mkv"
  },
  {
    "FILE NAME": "Phir Aayi Hasseen Dillruba 2024 1080p 10Bit",
    "URL": "https://hblinks.pro/archives/76708",
    "EXTENSION": ".mkv"
  },
  {
    "FILE NAME": "Phir Aayi Hasseen Dillruba 2024 720p 10Bit",
    "URL": "https://hblinks.pro/archives/76709",
    "EXTENSION": ".mkv"
  },
  {
    "FILE NAME": "Mission: Cross 2024 1080p",
    "URL": "https://hblinks.pro/archives/76712",
    "EXTENSION": ".mkv"
  },
  {
    "FILE NAME": "Mission: Cross 2024 1080p 10Bit",
    "URL": "https://hblinks.pro/archives/76713",
    "EXTENSION": ".mkv"
  },
  {
    "FILE NAME": "Mission: Cross 2024 720p",
    "URL": "https://hblinks.pro/archives/76714",
    "EXTENSION": ".mkv"
  },
  {
    "FILE NAME": "Mission: Cross 2024 720p 10Bit",
    "URL": "https://hblinks.pro/archives/76715",
    "EXTENSION": ".mkv"
  },
  {
    "FILE NAME": "Mahadev Ka Gorakhpur 2024 1080p HDTV",
    "URL": "https://hblinks.pro/archives/76720",
    "EXTENSION": ".mkv"
  },
  {
    "FILE NAME": "Mahadev Ka Gorakhpur 2024 720p HDTV",
    "URL": "https://hblinks.pro/archives/76721",
    "EXTENSION": ".mkv"
  },
  {
    "FILE NAME": "Twisters 2024 1080p",
    "URL": "https://hblinks.pro/archives/76725",
    "EXTENSION": ".mkv"
  },
  {
    "FILE NAME": "Twisters 2024 720p",
    "URL": "https://hblinks.pro/archives/76726",
    "EXTENSION": ".mkv"
  },
  {
    "FILE NAME": "Twisters 2024 480p",
    "URL": "https://hblinks.pro/archives/76727",
    "EXTENSION": ".mkv"
  },
  {
    "FILE NAME": "Mahadev Ka Gorakhpur 2024 720p HEVC HDTV",
    "URL": "https://hblinks.pro/archives/76734",
    "EXTENSION": ".mkv"
  },
  {
    "FILE NAME": "Twisters 2024 720p 10Bit",
    "URL": "https://hblinks.pro/archives/76736",
    "EXTENSION": ".mkv"
  },
  {
    "FILE NAME": "Twisters 2024 1080p 10Bit",
    "URL": "https://hblinks.pro/archives/76739",
    "EXTENSION": ".mkv"
  },
  {
    "FILE NAME": "Exhuma 2024 1080p",
    "URL": "https://hblinks.pro/archives/76742",
    "EXTENSION": ".mkv"
  },
  {
    "FILE NAME": "Exhuma 2024 1080p 10Bit",
    "URL": "https://hblinks.pro/archives/76743",
    "EXTENSION": ".mkv"
  },
  {
    "FILE NAME": "Exhuma 2024 720p",
    "URL": "https://hblinks.pro/archives/76744",
    "EXTENSION": ".mkv"
  },
  {
    "FILE NAME": "Exhuma 2024 720p 10Bit",
    "URL": "https://hblinks.pro/archives/76745",
    "EXTENSION": ".mkv"
  },
  {
    "FILE NAME": "Exhuma 2024 480p",
    "URL": "https://hblinks.pro/archives/76746",
    "EXTENSION": ".mkv"
  },
  {
    "FILE NAME": "Troll Factory 2024 1080p",
    "URL": "https://hblinks.pro/archives/76753",
    "EXTENSION": ".mkv"
  },
  {
    "FILE NAME": "Troll Factory 2024 1080p 10Bit",
    "URL": "https://hblinks.pro/archives/76754",
    "EXTENSION": ".mkv"
  },
  {
    "FILE NAME": "Troll Factory 2024 720p",
    "URL": "https://hblinks.pro/archives/76755",
    "EXTENSION": ".mkv"
  },
  {
    "FILE NAME": "Troll Factory 2024 720p 10Bit",
    "URL": "https://hblinks.pro/archives/76756",
    "EXTENSION": ".mkv"
  },
  {
    "FILE NAME": "Life Is Beautiful 2022 1080p",
    "URL": "https://hblinks.pro/archives/76764",
    "EXTENSION": ".mkv"
  },
  {
    "FILE NAME": "Life Is Beautiful 2022 1080p 10Bit",
    "URL": "https://hblinks.pro/archives/76765",
    "EXTENSION": ".mkv"
  },
  {
    "FILE NAME": "Life Is Beautiful 2022 720p",
    "URL": "https://hblinks.pro/archives/76766",
    "EXTENSION": ".mkv"
  },
  {
    "FILE NAME": "Life Is Beautiful 2022 720p 10Bit",
    "URL": "https://hblinks.pro/archives/76767",
    "EXTENSION": ".mkv"
  },
  {
    "FILE NAME": "Shekhar Home S01 1080p Pack",
    "URL": "https://hblinks.pro/archives/76773",
    "EXTENSION": ".zip"
  },
  {
    "FILE NAME": "Shekhar Home S01 1080p HEVC Pack",
    "URL": "https://hblinks.pro/archives/76774",
    "EXTENSION": ".zip"
  },
  {
    "FILE NAME": "Shekhar Home S01 720p Pack",
    "URL": "https://hblinks.pro/archives/76775",
    "EXTENSION": ".zip"
  },
  {
    "FILE NAME": "Shekhar Home S01 720p HEVC Pack",
    "URL": "https://hblinks.pro/archives/76776",
    "EXTENSION": ".zip"
  },
  {
    "FILE NAME": "Shekhar Home S01 480p Pack",
    "URL": "https://hblinks.pro/archives/76777",
    "EXTENSION": ".zip"
  },
  {
    "FILE NAME": "Shekhar Home S01 4K",
    "URL": "https://hblinks.pro/archives/76785",
    "EXTENSION": ".zip"
  },
  {
    "FILE NAME": "iNDiAN 2 2024 1080p",
    "URL": "https://hblinks.pro/archives/76787",
    "EXTENSION": ".mkv"
  },
  {
    "FILE NAME": "iNDiAN 2 2024 720p",
    "URL": "https://hblinks.pro/archives/76788",
    "EXTENSION": ".mkv"
  },
  {
    "FILE NAME": "Hwayi: A Monster Boy 2013 1080p",
    "URL": "https://hblinks.pro/archives/76795",
    "EXTENSION": ".mkv"
  },
  {
    "FILE NAME": "Hwayi: A Monster Boy 2013 1080p 10Bit",
    "URL": "https://hblinks.pro/archives/76796",
    "EXTENSION": ".mkv"
  },
  {
    "FILE NAME": "Hwayi: A Monster Boy 2013 720p",
    "URL": "https://hblinks.pro/archives/76797",
    "EXTENSION": ".mkv"
  },
  {
    "FILE NAME": "Hwayi: A Monster Boy 2013 720p 10Bit",
    "URL": "https://hblinks.pro/archives/76798",
    "EXTENSION": ".mkv"
  },
  {
    "FILE NAME": "iNDiAN 2 2024 1080p 10Bit",
    "URL": "https://hblinks.pro/archives/76809",
    "EXTENSION": ".mkv"
  },
  {
    "FILE NAME": "iNDiAN 2 2024 720p 10Bit",
    "URL": "https://hblinks.pro/archives/76810",
    "EXTENSION": ".mkv"
  },
  {
    "FILE NAME": "Three Thousand Years of Longing 2022 1080p",
    "URL": "https://hblinks.pro/archives/76818",
    "EXTENSION": ".mkv"
  },
  {
    "FILE NAME": "Three Thousand Years of Longing 2022 1080p 10Bit",
    "URL": "https://hblinks.pro/archives/76819",
    "EXTENSION": ".mkv"
  },
  {
    "FILE NAME": "Three Thousand Years of Longing 2022 720p",
    "URL": "https://hblinks.pro/archives/76820",
    "EXTENSION": ".mkv"
  },
  {
    "FILE NAME": "Three Thousand Years of Longing 2022 720p 10Bit",
    "URL": "https://hblinks.pro/archives/76821",
    "EXTENSION": ".mkv"
  },
  {
    "FILE NAME": "iSmart Shankar 2019 UNCUT 1080p",
    "URL": "https://hblinks.pro/archives/76828",
    "EXTENSION": ".mkv"
  },
  {
    "FILE NAME": "iSmart Shankar 2019 UNCUT 1080p HEVC",
    "URL": "https://hblinks.pro/archives/76829",
    "EXTENSION": ".mkv"
  },
  {
    "FILE NAME": "iSmart Shankar 2019 UNCUT 720p",
    "URL": "https://hblinks.pro/archives/76830",
    "EXTENSION": ".mkv"
  },
  {
    "FILE NAME": "iSmart Shankar 2019 UNCUT 720p HEVC",
    "URL": "https://hblinks.pro/archives/76831",
    "EXTENSION": ".mkv"
  },
  {
    "FILE NAME": "Jackpot! 2024 1080p",
    "URL": "https://hblinks.pro/archives/76843",
    "EXTENSION": ".mkv"
  },
  {
    "FILE NAME": "Jackpot! 2024 720p",
    "URL": "https://hblinks.pro/archives/76844",
    "EXTENSION": ".mkv"
  },
  {
    "FILE NAME": "Mutant 2024 1080p",
    "URL": "https://hblinks.pro/archives/76847",
    "EXTENSION": ".mkv"
  },
  {
    "FILE NAME": "Mutant 2024 1080p HEVC",
    "URL": "https://hblinks.pro/archives/76848",
    "EXTENSION": ".mkv"
  },
  {
    "FILE NAME": "Mutant 2024 720p",
    "URL": "https://hblinks.pro/archives/76849",
    "EXTENSION": ".mkv"
  },
  {
    "FILE NAME": "Mutant 2024 720p HEVC",
    "URL": "https://hblinks.pro/archives/76850",
    "EXTENSION": ".mkv"
  },
  {
    "FILE NAME": "Jackpot! 2024 720p 10Bit",
    "URL": "https://hblinks.pro/archives/76855",
    "EXTENSION": ".mkv"
  },
  {
    "FILE NAME": "Manorathangal S01 1080p Pack",
    "URL": "https://hblinks.pro/archives/76858",
    "EXTENSION": ".zip"
  },
  {
    "FILE NAME": "Manorathangal S01 720p Pack",
    "URL": "https://hblinks.pro/archives/76859",
    "EXTENSION": ".zip"
  },
  {
    "FILE NAME": "Manorathangal S01 480p Pack",
    "URL": "https://hblinks.pro/archives/76860",
    "EXTENSION": ".zip"
  },
  {
    "FILE NAME": "Jackpot! 2024 1080p 10Bit",
    "URL": "https://hblinks.pro/archives/76866",
    "EXTENSION": ".mkv"
  },
  {
    "FILE NAME": "Double iSmart 2024 1080p HDTS",
    "URL": "https://hblinks.pro/archives/76868",
    "EXTENSION": ".mkv"
  },
  {
    "FILE NAME": "Double iSmart 2024 720p HDTS",
    "URL": "https://hblinks.pro/archives/76869",
    "EXTENSION": ".mkv"
  },
  {
    "FILE NAME": "Double iSmart 2024 720p HEVC HDTS",
    "URL": "https://hblinks.pro/archives/76870",
    "EXTENSION": ".mkv"
  },
  {
    "FILE NAME": "Despicable Me 4 2024 1080p",
    "URL": "https://hblinks.pro/archives/76878",
    "EXTENSION": ".mkv"
  },
  {
    "FILE NAME": "Despicable Me 4 2024 1080p 10Bit",
    "URL": "https://hblinks.pro/archives/76879",
    "EXTENSION": ".mkv"
  },
  {
    "FILE NAME": "Despicable Me 4 2024 720p",
    "URL": "https://hblinks.pro/archives/76880",
    "EXTENSION": ".mkv"
  },
  {
    "FILE NAME": "Despicable Me 4 2024 720p 10Bit",
    "URL": "https://hblinks.pro/archives/76881",
    "EXTENSION": ".mkv"
  },
  {
    "FILE NAME": "The Union 2024 1080p",
    "URL": "https://hblinks.pro/archives/76895",
    "EXTENSION": ".mkv"
  },
  {
    "FILE NAME": "The Union 2024 1080p 10Bit",
    "URL": "https://hblinks.pro/archives/76896",
    "EXTENSION": ".mkv"
  },
  {
    "FILE NAME": "The Union 2024 720p",
    "URL": "https://hblinks.pro/archives/76897",
    "EXTENSION": ".mkv"
  },
  {
    "FILE NAME": "The Union 2024 720p 10Bit",
    "URL": "https://hblinks.pro/archives/76898",
    "EXTENSION": ".mkv"
  },
  {
    "FILE NAME": "The Intern 2015 1080p",
    "URL": "https://hblinks.pro/archives/76910",
    "EXTENSION": ".mkv"
  },
  {
    "FILE NAME": "The Intern 2015 1080p 10Bit",
    "URL": "https://hblinks.pro/archives/76911",
    "EXTENSION": ".mkv"
  },
  {
    "FILE NAME": "The Intern 2015 720p",
    "URL": "https://hblinks.pro/archives/76912",
    "EXTENSION": ".mkv"
  },
  {
    "FILE NAME": "The Intern 2015 720p 10Bit",
    "URL": "https://hblinks.pro/archives/76913",
    "EXTENSION": ".mkv"
  },
  {
    "FILE NAME": "Trisha on the Rocks 2024 1080p",
    "URL": "https://hblinks.pro/archives/76933",
    "EXTENSION": ".mkv"
  },
  {
    "FILE NAME": "Trisha on the Rocks 2024 720p",
    "URL": "https://hblinks.pro/archives/76934",
    "EXTENSION": ".mkv"
  },
  {
    "FILE NAME": "Trisha on the Rocks 2024 720p HEVC",
    "URL": "https://hblinks.pro/archives/76935",
    "EXTENSION": ".mkv"
  },
  {
    "FILE NAME": "Satyabhama 2024 1080p",
    "URL": "https://hblinks.pro/archives/76939",
    "EXTENSION": ".mkv"
  },
  {
    "FILE NAME": "Satyabhama 2024 1080p HEVC",
    "URL": "https://hblinks.pro/archives/76940",
    "EXTENSION": ".mkv"
  },
  {
    "FILE NAME": "Satyabhama 2024 720p",
    "URL": "https://hblinks.pro/archives/76941",
    "EXTENSION": ".mkv"
  },
  {
    "FILE NAME": "Satyabhama 2024 720p HEVC",
    "URL": "https://hblinks.pro/archives/76942",
    "EXTENSION": ".mkv"
  },
  {
    "FILE NAME": "The Requin 2022 1080p",
    "URL": "https://hblinks.pro/archives/76948",
    "EXTENSION": ".mkv"
  },
  {
    "FILE NAME": "The Requin 2022 1080p 10Bit",
    "URL": "https://hblinks.pro/archives/76949",
    "EXTENSION": ".mkv"
  },
  {
    "FILE NAME": "The Requin 2022 720p",
    "URL": "https://hblinks.pro/archives/76950",
    "EXTENSION": ".mkv"
  },
  {
    "FILE NAME": "The Requin 2022 720p 10Bit",
    "URL": "https://hblinks.pro/archives/76951",
    "EXTENSION": ".mkv"
  },
  {
    "FILE NAME": "Nice Girls 2024 1080p",
    "URL": "https://hblinks.pro/archives/76956",
    "EXTENSION": ".mkv"
  },
  {
    "FILE NAME": "Nice Girls 2024 720p",
    "URL": "https://hblinks.pro/archives/76957",
    "EXTENSION": ".mkv"
  },
  {
    "FILE NAME": "Nice Girls 2024 720p HEVC",
    "URL": "https://hblinks.pro/archives/76958",
    "EXTENSION": ".mkv"
  },
  {
    "FILE NAME": "Kalki 2898-AD 2024 720p DS4K",
    "URL": "https://hblinks.pro/archives/76965",
    "EXTENSION": ".mkv"
  },
  {
    "FILE NAME": "Kalki 2898-AD 2024 1080p DS4K",
    "URL": "https://hblinks.pro/archives/76970",
    "EXTENSION": ".mkv"
  },
  {
    "FILE NAME": "Kalki 2898-AD 720pHEVC DS4K",
    "URL": "https://hblinks.pro/archives/76980",
    "EXTENSION": ".mkv"
  },
  {
    "FILE NAME": "Kalki 2898-AD 2024 1080p HEVC DS4k",
    "URL": "https://hblinks.pro/archives/76982",
    "EXTENSION": ".mkv"
  },
  {
    "FILE NAME": "Kalki 2898-AD 2024 1080p 10Bit.HEVC DS4k",
    "URL": "https://hblinks.pro/archives/76996",
    "EXTENSION": ".mkv"
  },
  {
    "FILE NAME": "Kalki 2898-AD 2024 720p 10Bit.HEVC DS4k",
    "URL": "https://hblinks.pro/archives/76997",
    "EXTENSION": ".mkv"
  },
  {
    "FILE NAME": "Raayan 2024 1080p",
    "URL": "https://hblinks.pro/archives/77004",
    "EXTENSION": ".mkv"
  },
  {
    "FILE NAME": "Raayan 2024 1080pHEVC",
    "URL": "https://hblinks.pro/archives/77005",
    "EXTENSION": ".mkv"
  },
  {
    "FILE NAME": "Raayan 2024 720p",
    "URL": "https://hblinks.pro/archives/77006",
    "EXTENSION": ".mkv"
  },
  {
    "FILE NAME": "Raayan 2024 720pHEVC",
    "URL": "https://hblinks.pro/archives/77007",
    "EXTENSION": ".mkv"
  },
  {
    "FILE NAME": "Rudrangi 2023 1080p",
    "URL": "https://hblinks.pro/archives/77018",
    "EXTENSION": ".mkv"
  },
  {
    "FILE NAME": "Rudrangi 2023 720p",
    "URL": "https://hblinks.pro/archives/77019",
    "EXTENSION": ".mkv"
  },
  {
    "FILE NAME": "Drive-Away Dolls 2024 1080p",
    "URL": "https://hblinks.pro/archives/77021",
    "EXTENSION": ".mkv"
  },
  {
    "FILE NAME": "Drive-Away Dolls 2024 1080p 10Bit",
    "URL": "https://hblinks.pro/archives/77022",
    "EXTENSION": ".mkv"
  },
  {
    "FILE NAME": "Drive-Away Dolls 2024 720p",
    "URL": "https://hblinks.pro/archives/77023",
    "EXTENSION": ".mkv"
  },
  {
    "FILE NAME": "Drive-Away Dolls 2024 720p 10Bit",
    "URL": "https://hblinks.pro/archives/77024",
    "EXTENSION": ".mkv"
  },
  {
    "FILE NAME": "Blood for Dust 2023 1080p",
    "URL": "https://hblinks.pro/archives/77034",
    "EXTENSION": ".mkv"
  },
  {
    "FILE NAME": "Blood for Dust 2023 1080p 10Bit",
    "URL": "https://hblinks.pro/archives/77035",
    "EXTENSION": ".mkv"
  },
  {
    "FILE NAME": "Blood for Dust 2023 720p",
    "URL": "https://hblinks.pro/archives/77036",
    "EXTENSION": ".mkv"
  },
  {
    "FILE NAME": "Blood for Dust 2023 720p 10Bit",
    "URL": "https://hblinks.pro/archives/77037",
    "EXTENSION": ".mkv"
  },
  {
    "FILE NAME": "The Beasts AKA As bestas 2022 1080p",
    "URL": "https://hblinks.pro/archives/77042",
    "EXTENSION": ".mkv"
  },
  {
    "FILE NAME": "The Beasts AKA As bestas 2022 1080p 10Bit",
    "URL": "https://hblinks.pro/archives/77043",
    "EXTENSION": ".mkv"
  },
  {
    "FILE NAME": "The Beasts AKA As bestas 2022 720p",
    "URL": "https://hblinks.pro/archives/77044",
    "EXTENSION": ".mkv"
  },
  {
    "FILE NAME": "The Beasts AKA As bestas 2022 720p 10Bit",
    "URL": "https://hblinks.pro/archives/77045",
    "EXTENSION": ".mkv"
  },
  {
    "FILE NAME": "Midnight Sun 2018 1080p",
    "URL": "https://hblinks.pro/archives/77050",
    "EXTENSION": ".mkv"
  },
  {
    "FILE NAME": "Midnight Sun 2018 1080p 10Bit",
    "URL": "https://hblinks.pro/archives/77051",
    "EXTENSION": ".mkv"
  },
  {
    "FILE NAME": "Midnight Sun 2018 720p",
    "URL": "https://hblinks.pro/archives/77052",
    "EXTENSION": ".mkv"
  },
  {
    "FILE NAME": "Midnight Sun 2018 720p 10Bit",
    "URL": "https://hblinks.pro/archives/77053",
    "EXTENSION": ".mkv"
  },
  {
    "FILE NAME": "Tikdam 2024 1080p",
    "URL": "https://hblinks.pro/archives/77058",
    "EXTENSION": ".mkv"
  },
  {
    "FILE NAME": "Tikdam 2024 720p",
    "URL": "https://hblinks.pro/archives/77059",
    "EXTENSION": ".mkv"
  },
  {
    "FILE NAME": "The Frog S01 720p Pack",
    "URL": "https://hblinks.pro/archives/77062",
    "EXTENSION": ".zip"
  },
  {
    "FILE NAME": "The Frog S01 480p Pack",
    "URL": "https://hblinks.pro/archives/77063",
    "EXTENSION": ".zip"
  },
  {
    "FILE NAME": "The Frog S01 1080p Pack",
    "URL": "https://hblinks.pro/archives/77066",
    "EXTENSION": ".zip"
  },
  {
    "FILE NAME": "Land of Bad 2024 1080p",
    "URL": "https://hblinks.pro/archives/77078",
    "EXTENSION": ".mkv"
  },
  {
    "FILE NAME": "Land of Bad 2024 1080p 10Bit",
    "URL": "https://hblinks.pro/archives/77079",
    "EXTENSION": ".mkv"
  },
  {
    "FILE NAME": "Land of Bad 2024 720p",
    "URL": "https://hblinks.pro/archives/77080",
    "EXTENSION": ".mkv"
  },
  {
    "FILE NAME": "Land of Bad 2024 720p 10Bit",
    "URL": "https://hblinks.pro/archives/77081",
    "EXTENSION": ".mkv"
  },
  {
    "FILE NAME": "Raayan 2024 1080p 10Bit",
    "URL": "https://hblinks.pro/archives/77089",
    "EXTENSION": ".mkv"
  },
  {
    "FILE NAME": "Raayan 2024 720p 10Bit",
    "URL": "https://hblinks.pro/archives/77090",
    "EXTENSION": ".mkv"
  },
  {
    "FILE NAME": "Rogue Agent 2022 1080p",
    "URL": "https://hblinks.pro/archives/77109",
    "EXTENSION": ".mkv"
  },
  {
    "FILE NAME": "Rogue Agent 2022 1080p 10Bit",
    "URL": "https://hblinks.pro/archives/77110",
    "EXTENSION": ".mkv"
  },
  {
    "FILE NAME": "Rogue Agent 2022 720p",
    "URL": "https://hblinks.pro/archives/77111",
    "EXTENSION": ".mkv"
  },
  {
    "FILE NAME": "Rogue Agent 2022 720p 10Bit",
    "URL": "https://hblinks.pro/archives/77112",
    "EXTENSION": ".mkv"
  },
  {
    "FILE NAME": "Munjya 2024 720p HDTV",
    "URL": "https://hblinks.pro/archives/77118",
    "EXTENSION": ".mkv"
  },
  {
    "FILE NAME": "Munjya 2024 1080p HDTV",
    "URL": "https://hblinks.pro/archives/77120",
    "EXTENSION": ".mkv"
  },
  {
    "FILE NAME": "Maestro 2021 UNCUT 1080p",
    "URL": "https://hblinks.pro/archives/77122",
    "EXTENSION": ".mkv"
  },
  {
    "FILE NAME": "Maestro 2021 UNCUT 1080p 10Bit",
    "URL": "https://hblinks.pro/archives/77123",
    "EXTENSION": ".mkv"
  },
  {
    "FILE NAME": "Maestro 2021 UNCUT 720p",
    "URL": "https://hblinks.pro/archives/77124",
    "EXTENSION": ".mkv"
  },
  {
    "FILE NAME": "Maestro 2021 UNCUT 720p 10Bit",
    "URL": "https://hblinks.pro/archives/77125",
    "EXTENSION": ".mkv"
  },
  {
    "FILE NAME": "Munjya 2024 1080p HD",
    "URL": "https://hblinks.pro/archives/77132",
    "EXTENSION": ".mkv"
  },
  {
    "FILE NAME": "Munjya 2024 720p HD",
    "URL": "https://hblinks.pro/archives/77133",
    "EXTENSION": ".mkv"
  },
  {
    "FILE NAME": "Munjya 2024 720p 10Bit-HEVC",
    "URL": "https://hblinks.pro/archives/77137",
    "EXTENSION": ".mkv"
  },
  {
    "FILE NAME": "Munjya 2024 1080p 10Bit-HEVC",
    "URL": "https://hblinks.pro/archives/77139",
    "EXTENSION": ".mkv"
  },
  {
    "FILE NAME": "Incoming 2024 1080p",
    "URL": "https://hblinks.pro/archives/77142",
    "EXTENSION": ".mkv"
  },
  {
    "FILE NAME": "Incoming 2024 1080p 10Bit",
    "URL": "https://hblinks.pro/archives/77143",
    "EXTENSION": ".mkv"
  },
  {
    "FILE NAME": "Incoming 2024 720p",
    "URL": "https://hblinks.pro/archives/77144",
    "EXTENSION": ".mkv"
  },
  {
    "FILE NAME": "Incoming 2024 720p 10Bit",
    "URL": "https://hblinks.pro/archives/77145",
    "EXTENSION": ".mkv"
  },
  {
    "FILE NAME": "Mark Antony 2023 1080p",
    "URL": "https://hblinks.pro/archives/77152",
    "EXTENSION": ".mkv"
  },
  {
    "FILE NAME": "Mark Antony 2023 1080p-10Bit.HEVC",
    "URL": "https://hblinks.pro/archives/77153",
    "EXTENSION": ".mkv"
  },
  {
    "FILE NAME": "Mark Antony 2023 720p",
    "URL": "https://hblinks.pro/archives/77154",
    "EXTENSION": ".mkv"
  },
  {
    "FILE NAME": "Mark Antony 2023 720p-10Bit.HEVC",
    "URL": "https://hblinks.pro/archives/77155",
    "EXTENSION": ".mkv"
  },
  {
    "FILE NAME": "Ordinary Angels 2024 1080p",
    "URL": "https://hblinks.pro/archives/77168",
    "EXTENSION": ".mkv"
  },
  {
    "FILE NAME": "Ordinary Angels 2024 1080p 10Bit",
    "URL": "https://hblinks.pro/archives/77169",
    "EXTENSION": ".mkv"
  },
  {
    "FILE NAME": "Ordinary Angels 2024 720p",
    "URL": "https://hblinks.pro/archives/77170",
    "EXTENSION": ".mkv"
  },
  {
    "FILE NAME": "Ordinary Angels 2024 720p 10Bit",
    "URL": "https://hblinks.pro/archives/77171",
    "EXTENSION": ".mkv"
  },
  {
    "FILE NAME": "The Killer 2024 1080p",
    "URL": "https://hblinks.pro/archives/77177",
    "EXTENSION": ".mkv"
  },
  {
    "FILE NAME": "The Killer 2024 1080p 10Bit",
    "URL": "https://hblinks.pro/archives/77178",
    "EXTENSION": ".mkv"
  },
  {
    "FILE NAME": "The Killer 2024 720p",
    "URL": "https://hblinks.pro/archives/77179",
    "EXTENSION": ".mkv"
  },
  {
    "FILE NAME": "The Killer 2024 720p 10Bit",
    "URL": "https://hblinks.pro/archives/77180",
    "EXTENSION": ".mkv"
  },
  {
    "FILE NAME": "Imaginary 2024 1080p",
    "URL": "https://hblinks.pro/archives/77189",
    "EXTENSION": ".mkv"
  },
  {
    "FILE NAME": "Imaginary 2024 1080p 10Bit",
    "URL": "https://hblinks.pro/archives/77190",
    "EXTENSION": ".mkv"
  },
  {
    "FILE NAME": "Imaginary 2024 720p",
    "URL": "https://hblinks.pro/archives/77191",
    "EXTENSION": ".mkv"
  },
  {
    "FILE NAME": "Imaginary 2024 720p 10Bit",
    "URL": "https://hblinks.pro/archives/77192",
    "EXTENSION": ".mkv"
  },
  {
    "FILE NAME": "Harold and the Purple Crayon 2024 1080p",
    "URL": "https://hblinks.pro/archives/77202",
    "EXTENSION": ".mkv"
  },
  {
    "FILE NAME": "Harold and the Purple Crayon 2024 1080p 10Bit",
    "URL": "https://hblinks.pro/archives/77203",
    "EXTENSION": ".mkv"
  },
  {
    "FILE NAME": "Harold and the Purple Crayon 2024 720p",
    "URL": "https://hblinks.pro/archives/77204",
    "EXTENSION": ".mkv"
  },
  {
    "FILE NAME": "Harold and the Purple Crayon 2024 720p 10Bit",
    "URL": "https://hblinks.pro/archives/77205",
    "EXTENSION": ".mkv"
  },
  {
    "FILE NAME": "The Strangers: Chapter 1 2024 1080p",
    "URL": "https://hblinks.pro/archives/77210",
    "EXTENSION": ".mkv"
  },
  {
    "FILE NAME": "The Strangers: Chapter 1 2024 1080p 10Bit",
    "URL": "https://hblinks.pro/archives/77211",
    "EXTENSION": ".mkv"
  },
  {
    "FILE NAME": "The Strangers: Chapter 1 2024 720p",
    "URL": "https://hblinks.pro/archives/77212",
    "EXTENSION": ".mkv"
  },
  {
    "FILE NAME": "The Strangers: Chapter 1 2024 720p 10Bit",
    "URL": "https://hblinks.pro/archives/77213",
    "EXTENSION": ".mkv"
  },
  {
    "FILE NAME": "Tumbbad 2018 1080p",
    "URL": "https://hblinks.pro/archives/77220",
    "EXTENSION": ".mkv"
  },
  {
    "FILE NAME": "Tumbbad 2018 1080p 10Bit",
    "URL": "https://hblinks.pro/archives/77221",
    "EXTENSION": ".mkv"
  },
  {
    "FILE NAME": "Tumbbad 2018 720p",
    "URL": "https://hblinks.pro/archives/77222",
    "EXTENSION": ".mkv"
  },
  {
    "FILE NAME": "Tumbbad 2018 720p 10Bit",
    "URL": "https://hblinks.pro/archives/77223",
    "EXTENSION": ".mkv"
  },
  {
    "FILE NAME": "Holly Slept Over 2020 1080p",
    "URL": "https://hblinks.pro/archives/77232",
    "EXTENSION": ".mkv"
  },
  {
    "FILE NAME": "Holly Slept Over 2020 1080p 10Bit",
    "URL": "https://hblinks.pro/archives/77233",
    "EXTENSION": ".mkv"
  },
  {
    "FILE NAME": "Holly Slept Over 2020 720p",
    "URL": "https://hblinks.pro/archives/77234",
    "EXTENSION": ".mkv"
  },
  {
    "FILE NAME": "Holly Slept Over 2020 720p 10Bit",
    "URL": "https://hblinks.pro/archives/77235",
    "EXTENSION": ".mkv"
  },
  {
    "FILE NAME": "The Lord of the Rings: The Rings of Power S02-E01",
    "URL": "https://hblinks.pro/archives/77241",
    "EXTENSION": ".zip"
  },
  {
    "FILE NAME": "The Lord of the Rings: The Rings of Power S02-E02",
    "URL": "https://hblinks.pro/archives/77242",
    "EXTENSION": ".zip"
  },
  {
    "FILE NAME": "The Lord of the Rings: The Rings of Power S02-E03",
    "URL": "https://hblinks.pro/archives/77243",
    "EXTENSION": ".zip"
  },
  {
    "FILE NAME": "iC-814 720p x264",
    "URL": "https://hblinks.pro/archives/77247",
    "EXTENSION": ".mkv"
  },
  {
    "FILE NAME": "iC 814 480p Pack",
    "URL": "https://hblinks.pro/archives/77249",
    "EXTENSION": ".mkv"
  },
  {
    "FILE NAME": "iC 814 720p-HEVC Pack",
    "URL": "https://hblinks.pro/archives/77251",
    "EXTENSION": ".mkv"
  },
  {
    "FILE NAME": "iC 814 1080p Pack",
    "URL": "https://hblinks.pro/archives/77256",
    "EXTENSION": ".mkv"
  },
  {
    "FILE NAME": "iC 814: 1080pHEVC",
    "URL": "https://hblinks.pro/archives/77262",
    "EXTENSION": ".mkv"
  },
  {
    "FILE NAME": "Bad Newz 2024 720p",
    "URL": "https://hblinks.pro/archives/77264",
    "EXTENSION": ".mkv"
  },
  {
    "FILE NAME": "Bad Newz 2024 720pHEVC",
    "URL": "https://hblinks.pro/archives/77266",
    "EXTENSION": ".mkv"
  },
  {
    "FILE NAME": "Bad Newz 2024 1080p",
    "URL": "https://hblinks.pro/archives/77268",
    "EXTENSION": ".mkv"
  },
  {
    "FILE NAME": "Bad Newz 2024 1080pHEVC",
    "URL": "https://hblinks.pro/archives/77270",
    "EXTENSION": ".mkv"
  },
  {
    "FILE NAME": "Mirzapur S03-Bonus Episode",
    "URL": "https://hblinks.pro/archives/77275",
    "EXTENSION": ".zip"
  },
  {
    "FILE NAME": "Aho Vikramaarka 2024 720p HDTS",
    "URL": "https://hblinks.pro/archives/77290",
    "EXTENSION": ".mkv"
  },
  {
    "FILE NAME": "Aho Vikramaarka 2024 1080p HDTS",
    "URL": "https://hblinks.pro/archives/77293",
    "EXTENSION": ".mkv"
  },
  {
    "FILE NAME": "TRAP ENG 1080p",
    "URL": "https://hblinks.pro/archives/77302",
    "EXTENSION": ".mkv"
  },
  {
    "FILE NAME": "TRAP ENG 1080p-10Bit",
    "URL": "https://hblinks.pro/archives/77303",
    "EXTENSION": ".mkv"
  },
  {
    "FILE NAME": "TRAP ENG 720p",
    "URL": "https://hblinks.pro/archives/77304",
    "EXTENSION": ".mkv"
  },
  {
    "FILE NAME": "TRAP ENG 720p-10Bit",
    "URL": "https://hblinks.pro/archives/77305",
    "EXTENSION": ".mkv"
  },
  {
    "FILE NAME": "Cadets S01 1080p Pack",
    "URL": "https://hblinks.pro/archives/77310",
    "EXTENSION": ".zip"
  },
  {
    "FILE NAME": "Cadets S01 720p Pack",
    "URL": "https://hblinks.pro/archives/77311",
    "EXTENSION": ".zip"
  },
  {
    "FILE NAME": "Cadets S01 720p HEVC Pack",
    "URL": "https://hblinks.pro/archives/77312",
    "EXTENSION": ".zip"
  },
  {
    "FILE NAME": "Cadets S01 480p Pack",
    "URL": "https://hblinks.pro/archives/77313",
    "EXTENSION": ".zip"
  },
  {
    "FILE NAME": "The Deliverance 2024 1080p",
    "URL": "https://hblinks.pro/archives/77318",
    "EXTENSION": ".mkv"
  },
  {
    "FILE NAME": "The Deliverance 2024 1080p 10Bit",
    "URL": "https://hblinks.pro/archives/77319",
    "EXTENSION": ".mkv"
  },
  {
    "FILE NAME": "The Deliverance 2024 720p",
    "URL": "https://hblinks.pro/archives/77320",
    "EXTENSION": ".mkv"
  },
  {
    "FILE NAME": "The Deliverance 2024 720p 10Bit",
    "URL": "https://hblinks.pro/archives/77321",
    "EXTENSION": ".mkv"
  },
  {
    "FILE NAME": "Geostorm 2017 1080p",
    "URL": "https://hblinks.pro/archives/77327",
    "EXTENSION": ".mkv"
  },
  {
    "FILE NAME": "Geostorm 2017 1080p 10Bit",
    "URL": "https://hblinks.pro/archives/77328",
    "EXTENSION": ".mkv"
  },
  {
    "FILE NAME": "Geostorm 2017 720p",
    "URL": "https://hblinks.pro/archives/77329",
    "EXTENSION": ".mkv"
  },
  {
    "FILE NAME": "Geostorm 2017 720p 10Bit",
    "URL": "https://hblinks.pro/archives/77330",
    "EXTENSION": ".mkv"
  },
  {
    "FILE NAME": "Visfot 2024 1080p",
    "URL": "https://hblinks.pro/archives/77336",
    "EXTENSION": ".mkv"
  },
  {
    "FILE NAME": "Visfot 2024 1080p HEVC",
    "URL": "https://hblinks.pro/archives/77337",
    "EXTENSION": ".mkv"
  },
  {
    "FILE NAME": "Visfot 2024 720p",
    "URL": "https://hblinks.pro/archives/77338",
    "EXTENSION": ".mkv"
  },
  {
    "FILE NAME": "Visfot 2024 720p HEVC",
    "URL": "https://hblinks.pro/archives/77339",
    "EXTENSION": ".mkv"
  },
  {
    "FILE NAME": "The Well 2023 1080p",
    "URL": "https://hblinks.pro/archives/77348",
    "EXTENSION": ".mkv"
  },
  {
    "FILE NAME": "The Well 2023 1080p 10Bit",
    "URL": "https://hblinks.pro/archives/77349",
    "EXTENSION": ".mkv"
  },
  {
    "FILE NAME": "The Well 2023 720p",
    "URL": "https://hblinks.pro/archives/77350",
    "EXTENSION": ".mkv"
  },
  {
    "FILE NAME": "The Well 2023 720p 10Bit",
    "URL": "https://hblinks.pro/archives/77351",
    "EXTENSION": ".mkv"
  },
  {
    "FILE NAME": "Double iSmart 2024 1080p",
    "URL": "https://hblinks.pro/archives/77360",
    "EXTENSION": ".mkv"
  },
  {
    "FILE NAME": "Double iSmart 720p",
    "URL": "https://hblinks.pro/archives/77362",
    "EXTENSION": ".mkv"
  },
  {
    "FILE NAME": "The Lord of the Rings: The Rings of Power S02-E04",
    "URL": "https://hblinks.pro/archives/77364",
    "EXTENSION": ".zip"
  },
  {
    "FILE NAME": "The Greatest of All Time 2024 1080p V1-HDTS",
    "URL": "https://hblinks.pro/archives/77366",
    "EXTENSION": ".mkv"
  },
  {
    "FILE NAME": "The Greatest of All Time 2024 720p V1-HDTS",
    "URL": "https://hblinks.pro/archives/77367",
    "EXTENSION": ".mkv"
  },
  {
    "FILE NAME": "Tanaav S02 1080p Pack",
    "URL": "https://hblinks.pro/archives/77373",
    "EXTENSION": ".zip"
  },
  {
    "FILE NAME": "Tanaav S02 720p Pack",
    "URL": "https://hblinks.pro/archives/77374",
    "EXTENSION": ".zip"
  },
  {
    "FILE NAME": "Tanaav S02 480p Pack",
    "URL": "https://hblinks.pro/archives/77375",
    "EXTENSION": ".zip"
  },
  {
    "FILE NAME": "Tanaav S02 4K SDR",
    "URL": "https://hblinks.pro/archives/77376",
    "EXTENSION": ".zip"
  },
  {
    "FILE NAME": "Immaculate 2024 1080p",
    "URL": "https://hblinks.pro/archives/77384",
    "EXTENSION": ".mkv"
  },
  {
    "FILE NAME": "Immaculate 2024 1080p 10Bit",
    "URL": "https://hblinks.pro/archives/77385",
    "EXTENSION": ".mkv"
  },
  {
    "FILE NAME": "Immaculate 2024 720p",
    "URL": "https://hblinks.pro/archives/77386",
    "EXTENSION": ".mkv"
  },
  {
    "FILE NAME": "Immaculate 2024 720p 10Bit",
    "URL": "https://hblinks.pro/archives/77387",
    "EXTENSION": ".mkv"
  },
  {
    "FILE NAME": "GOAT 1080p V2",
    "URL": "https://hblinks.pro/archives/77392",
    "EXTENSION": ".mkv"
  },
  {
    "FILE NAME": "GOAT 720p V2",
    "URL": "https://hblinks.pro/archives/77393",
    "EXTENSION": ".mkv"
  },
  {
    "FILE NAME": "In the Land of Saints and Sinners 2023 1080p",
    "URL": "https://hblinks.pro/archives/77398",
    "EXTENSION": ".mkv"
  },
  {
    "FILE NAME": "In the Land of Saints and Sinners 2023 1080p 10Bit",
    "URL": "https://hblinks.pro/archives/77399",
    "EXTENSION": ".mkv"
  },
  {
    "FILE NAME": "In the Land of Saints and Sinners 2023 720p",
    "URL": "https://hblinks.pro/archives/77400",
    "EXTENSION": ".mkv"
  },
  {
    "FILE NAME": "In the Land of Saints and Sinners 2023 720p 10Bit",
    "URL": "https://hblinks.pro/archives/77401",
    "EXTENSION": ".mkv"
  },
  {
    "FILE NAME": "Rebel Ridge 2024 1080p",
    "URL": "https://hblinks.pro/archives/77407",
    "EXTENSION": ".mkv"
  },
  {
    "FILE NAME": "Rebel Ridge 2024 1080p 10Bit",
    "URL": "https://hblinks.pro/archives/77408",
    "EXTENSION": ".mkv"
  },
  {
    "FILE NAME": "Rebel Ridge 2024 720p",
    "URL": "https://hblinks.pro/archives/77409",
    "EXTENSION": ".mkv"
  },
  {
    "FILE NAME": "Rebel Ridge 2024 720p 10Bit",
    "URL": "https://hblinks.pro/archives/77410",
    "EXTENSION": ".mkv"
  },
  {
    "FILE NAME": "GOAT-Final-HDTS-1080p",
    "URL": "https://hblinks.pro/archives/77415",
    "EXTENSION": ".mkv"
  },
  {
    "FILE NAME": "GOAT-Final-HDTS-720p",
    "URL": "https://hblinks.pro/archives/77416",
    "EXTENSION": ".mkv"
  },
  {
    "FILE NAME": "71 2014 1080p",
    "URL": "https://hblinks.pro/archives/77420",
    "EXTENSION": ".mkv"
  },
  {
    "FILE NAME": "71 2014 1080p 10Bit",
    "URL": "https://hblinks.pro/archives/77421",
    "EXTENSION": ".mkv"
  },
  {
    "FILE NAME": "71 2014 720p",
    "URL": "https://hblinks.pro/archives/77422",
    "EXTENSION": ".mkv"
  }
]